Species;Acronym;Lifeform;Sja.S91;Sja.C14;Haw.S91;Haw.B90;Haw.P56;Haw.C14;Orn.S91;Orn.C14;Sla.K90;Sla.S91;Sla.C14;Nos.S91;Nos.B90;Nos.C14;Swi.S91;Swi.K90;Swi.C14;Kam.S91;Kam.C14;Kma.S91;Kma.K90;Kma.B55;Kma.B90;Kma.C14;Krz.S91;Krz.K90;Krz.P56;Krz.P28;Krz.C14;Rys.S91;Rys.K90;Rys.P56;Rys.C14;Msc.K90;Msc.P56;Msc.P28;Msc.C14;Cmi.S91;Cmi.K90;Cmi.P56;Cmi.P49;Cmi.P56;Cmi.C14;Gwr.K90;Gwr.C14;Gws.K90;Gws.S91;Gws.B55;Gws.B90;Gws.P56;Gws.C14
Abies alba;Abi.alb;M;NA;NA;NA;NA;NA;NA;NA;NA;NA;NA;NA;NA;NA;1206;NA;NA;NA;NA;NA;NA;NA;NA;NA;NA;NA;NA;NA;NA;NA;NA;NA;NA;NA;NA;NA;NA;NA;NA;NA;NA;NA;NA;NA;NA;NA;NA;NA;NA;NA;NA;NA
Acer pseudoplatanus;Ace.pse;M;NA;NA;NA;NA;NA;NA;NA;NA;NA;NA;NA;NA;NA;1206;NA;NA;NA;NA;NA;NA;NA;NA;NA;NA;NA;NA;NA;NA;NA;NA;NA;NA;NA;NA;NA;NA;NA;NA;NA;NA;NA;NA;NA;NA;NA;NA;NA;NA;NA;NA;NA
Achillea millefolium;Ach.mil;H;NA;NA;NA;NA;NA;NA;NA;NA;NA;NA;NA;NA;NA;NA;NA;NA;2061;NA;NA;NA;NA;NA;NA;NA;NA;NA;NA;NA;NA;NA;NA;NA;NA;NA;NA;NA;NA;NA;NA;NA;NA;NA;2096;NA;NA;1894;NA;NA;NA;NA;NA
Achillea millefolium subsp. sudetica;Ach.sud;H;NA;NA;NA;NA;NA;NA;NA;NA;NA;NA;NA;NA;NA;NA;NA;NA;NA;NA;NA;NA;NA;NA;NA;NA;NA;NA;NA;2122;2116;NA;NA;NA;NA;NA;NA;NA;NA;NA;NA;NA;NA;2096;NA;NA;NA;NA;NA;NA;NA;NA;NA
Aconitum napellus subsp. firmum;Aco.fir;H;NA;NA;NA;NA;NA;NA;NA;NA;NA;2452;2315;NA;NA;NA;2061;NA;2061;NA;NA;NA;NA;NA;NA;NA;NA;2122;NA;2122;2122;NA;2503;2400;1765;2410;NA;NA;2233;NA;NA;NA;NA;NA;NA;1823;1823;NA;1894;NA;NA;NA;1894
Adenostyles alliariae;Ade.all;H;NA;NA;NA;NA;NA;NA;NA;1867;NA;NA;NA;NA;NA;NA;NA;NA;NA;NA;NA;NA;NA;NA;NA;NA;NA;2122;NA;2122;2122;NA;2503;NA;1990;2410;NA;NA;2410;NA;NA;NA;NA;2096;2096;NA;1823;NA;NA;NA;NA;NA;NA
Agrostis alpina;Agr.alp;H;NA;NA;NA;NA;NA;NA;NA;NA;NA;NA;2200;NA;NA;NA;NA;NA;NA;NA;2126;NA;NA;NA;NA;NA;NA;NA;NA;NA;NA;NA;NA;NA;NA;NA;NA;NA;NA;NA;NA;NA;2000;2096;2096;NA;NA;NA;NA;NA;NA;NA;NA
Agrostis capillaris;Agr.cap;H;NA;NA;NA;NA;NA;NA;NA;NA;NA;NA;NA;NA;NA;1206;NA;NA;NA;NA;NA;NA;NA;NA;NA;NA;NA;NA;NA;NA;NA;NA;NA;NA;NA;NA;NA;NA;NA;NA;NA;NA;NA;NA;NA;NA;NA;NA;NA;NA;NA;NA;NA
Agrostis rupestris;Agr.rup;H;NA;NA;NA;NA;NA;NA;NA;1867;NA;2452;2288;NA;NA;NA;NA;NA;2061;NA;NA;NA;1704;NA;NA;1704;NA;2122;NA;2122;2122;NA;2503;NA;2500;NA;NA;2410;2410;NA;NA;NA;NA;2096;NA;NA;1823;NA;NA;1894;NA;NA;1825
Allium senescens;All.sen;G;NA;NA;NA;2152;NA;NA;NA;NA;NA;NA;NA;NA;NA;1206;NA;NA;NA;NA;NA;NA;NA;NA;NA;NA;NA;NA;NA;NA;NA;NA;NA;NA;NA;NA;NA;NA;NA;NA;NA;NA;NA;NA;NA;NA;NA;NA;NA;NA;NA;NA;NA
Allium sibiricum;All.sib;G;NA;NA;NA;NA;NA;NA;NA;NA;NA;NA;NA;NA;NA;NA;NA;NA;NA;NA;NA;NA;NA;NA;NA;NA;NA;NA;NA;NA;NA;NA;NA;NA;NA;NA;NA;NA;NA;NA;NA;NA;NA;NA;NA;NA;NA;NA;NA;NA;NA;NA;NA
Alnus incana;Aln.inc;M;NA;NA;NA;NA;NA;NA;NA;NA;NA;NA;NA;NA;NA;1206;NA;NA;NA;NA;NA;NA;NA;NA;NA;NA;NA;NA;NA;NA;NA;NA;NA;NA;NA;NA;NA;NA;NA;NA;NA;NA;NA;NA;NA;NA;NA;NA;NA;NA;NA;NA;NA
Androsace chamaejasme;And.cha;C;2210;NA;NA;NA;NA;2152;NA;NA;NA;NA;2360;NA;NA;NA;NA;NA;2061;NA;NA;NA;NA;1704;NA;1704;2122;2093;NA;2122;NA;NA;NA;NA;NA;NA;NA;NA;NA;NA;NA;NA;NA;2096;2096;1823;1823;1894;1894;1894;NA;NA;1825
Androsace lactea;And.lac;H;NA;NA;NA;NA;NA;2152;NA;NA;NA;NA;NA;1206;1206;NA;NA;NA;2061;NA;NA;NA;1704;1704;NA;1704;2122;NA;NA;NA;NA;NA;NA;NA;NA;NA;NA;NA;NA;NA;NA;NA;NA;NA;NA;NA;1823;NA;1894;1894;NA;NA;1825
Androsace obtusifolia;And.obt;C;2210;NA;NA;NA;NA;NA;NA;NA;NA;NA;NA;NA;NA;NA;NA;NA;2061;NA;NA;NA;NA;1704;NA;NA;NA;2122;NA;2122;2122;NA;2503;NA;NA;2410;NA;NA;2410;NA;NA;NA;NA;2096;NA;NA;NA;NA;NA;NA;NA;NA;NA
Anemone narcissifolia;Ane.nar;G;2210;2210;NA;NA;NA;NA;NA;NA;NA;NA;2164;NA;NA;NA;NA;NA;2061;NA;NA;NA;NA;NA;NA;1704;NA;2122;NA;2122;2122;NA;2503;2480;2053;2410;NA;2410;2410;NA;NA;NA;NA;2096;2096;NA;1823;NA;NA;NA;NA;NA;NA
Angelica archangelica subsp. archangelica;Ang.arc;H;NA;NA;NA;NA;NA;NA;NA;NA;NA;NA;NA;NA;NA;NA;NA;NA;NA;NA;NA;NA;NA;NA;NA;NA;2122;NA;NA;NA;NA;NA;NA;NA;NA;NA;NA;NA;NA;NA;NA;NA;NA;NA;NA;NA;1823;NA;NA;NA;NA;NA;1825
Angelica sylvestris;Ang.syl;H;NA;NA;NA;NA;NA;NA;NA;NA;NA;NA;NA;NA;NA;1206;NA;NA;NA;NA;NA;NA;NA;NA;NA;NA;NA;NA;NA;NA;NA;NA;NA;NA;NA;NA;NA;NA;NA;NA;NA;NA;NA;NA;NA;NA;NA;NA;NA;NA;NA;NA;NA
Antennaria carpatica;Ant.car;H;NA;NA;NA;NA;NA;2152;NA;NA;NA;NA;NA;NA;NA;NA;2061;2061;2061;NA;NA;NA;NA;NA;NA;NA;NA;2122;NA;2122;NA;NA;NA;NA;2500;2410;NA;2410;1989;NA;NA;NA;NA;2096;2096;NA;NA;NA;NA;NA;NA;NA;NA
Antennaria dioica;Ant.dio;C;NA;NA;NA;NA;NA;NA;NA;NA;NA;NA;NA;NA;NA;NA;NA;NA;NA;NA;NA;NA;1704;NA;NA;1704;NA;NA;NA;2122;NA;NA;NA;NA;NA;NA;NA;NA;NA;NA;NA;NA;NA;2096;NA;1823;1823;NA;NA;NA;NA;NA;1825
Anthoxanthum alpinum;Anx.alp;H;NA;NA;NA;NA;NA;NA;NA;1867;NA;NA;2360;NA;NA;NA;NA;NA;2061;NA;NA;NA;1704;NA;NA;1704;NA;NA;NA;2122;2122;NA;2503;NA;2053;NA;NA;NA;1989;NA;NA;NA;NA;2096;2096;NA;1823;NA;NA;NA;NA;NA;1825
Anthoxanthum odoratum;Anx.odo;H;NA;NA;NA;NA;NA;NA;1867;NA;NA;NA;NA;NA;NA;NA;NA;NA;NA;NA;NA;NA;NA;NA;NA;NA;NA;NA;NA;NA;NA;NA;NA;NA;NA;NA;NA;NA;NA;NA;NA;NA;NA;NA;NA;NA;NA;NA;NA;NA;NA;NA;NA
Anthyllis vulnenaria;Anh.vul;H;NA;NA;NA;2152;NA;NA;NA;NA;NA;NA;NA;1206;NA;NA;NA;NA;2061;NA;NA;NA;NA;NA;NA;NA;NA;2034;2034;2122;NA;NA;NA;NA;NA;NA;NA;NA;NA;NA;NA;NA;NA;2096;NA;1823;1823;1894;NA;NA;NA;NA;1825
Arabis alpina;Ara.alp;C;2210;NA;NA;NA;NA;NA;NA;NA;NA;NA;NA;NA;NA;NA;NA;NA;NA;NA;NA;NA;NA;NA;NA;NA;2122;2113;NA;2122;2122;NA;2503;NA;2155;2250;2260;NA;2278;NA;NA;NA;NA;2096;2096;1823;NA;1894;1894;NA;NA;NA;1894
Arabis hirsuta;Ara.hir;H;NA;NA;NA;NA;NA;NA;NA;NA;NA;NA;NA;NA;NA;1206;NA;NA;NA;NA;NA;NA;NA;NA;NA;NA;NA;NA;NA;NA;NA;NA;NA;NA;NA;NA;NA;NA;NA;NA;NA;NA;NA;NA;NA;NA;NA;NA;NA;NA;NA;NA;NA
Arabis soyeri;Ara.soy;C;NA;NA;NA;NA;NA;NA;NA;NA;NA;NA;NA;NA;NA;NA;NA;NA;NA;NA;NA;NA;NA;NA;NA;NA;NA;1960;2122;NA;NA;NA;NA;NA;NA;NA;NA;NA;NA;NA;NA;NA;NA;NA;NA;NA;NA;NA;1894;NA;NA;NA;NA
Arenaria ciliata;Are.cil;T;2210;NA;NA;NA;NA;2152;NA;NA;NA;NA;NA;1206;NA;NA;NA;NA;2061;NA;NA;NA;1704;1704;NA;1704;2122;1987;NA;NA;NA;NA;NA;NA;NA;NA;NA;NA;NA;NA;NA;NA;NA;NA;NA;1823;1823;1894;1894;1894;NA;NA;1894
Artemisia eriantha;Art.eri;Ch;NA;NA;2152;NA;NA;2152;NA;NA;NA;NA;NA;NA;NA;NA;NA;NA;2061;NA;NA;NA;NA;NA;NA;NA;NA;NA;NA;NA;NA;NA;NA;NA;NA;2250;NA;NA;NA;NA;NA;NA;1930;NA;NA;NA;NA;NA;NA;NA;NA;NA;NA
Aruncus dioicus;Aru.dio;H;NA;NA;2152;NA;NA;NA;NA;NA;NA;NA;NA;NA;NA;NA;NA;NA;NA;NA;NA;NA;NA;NA;NA;NA;NA;NA;NA;NA;NA;NA;NA;NA;NA;NA;NA;NA;NA;2096;NA;NA;NA;NA;NA;NA;NA;NA;NA;NA;NA;NA;NA
Asplenium ruta-muraria;Asp.rut;H;NA;NA;NA;NA;NA;NA;NA;NA;NA;NA;NA;NA;NA;1206;NA;NA;NA;NA;NA;NA;NA;NA;NA;NA;NA;NA;NA;NA;NA;NA;NA;NA;NA;NA;NA;NA;NA;NA;NA;NA;NA;NA;NA;NA;NA;NA;NA;NA;NA;NA;NA
Asplenium trichomanes-ramosum;Asp.vir;H;NA;NA;NA;NA;2152;2152;NA;NA;NA;NA;NA;NA;NA;1206;NA;NA;NA;NA;NA;NA;1704;NA;NA;NA;2122;2034;NA;2122;2087;NA;NA;NA;NA;NA;2410;NA;NA;NA;NA;NA;NA;2096;2096;NA;1823;NA;NA;NA;NA;NA;1894
Aster alpinus;Ast.alp;H;NA;NA;NA;NA;NA;2152;1867;NA;NA;NA;NA;1206;NA;1206;NA;1946;NA;NA;NA;NA;NA;NA;NA;NA;NA;NA;NA;NA;NA;NA;NA;NA;NA;NA;NA;NA;NA;NA;NA;NA;NA;NA;NA;NA;NA;1885;1894;1894;NA;NA;NA
Aster bellidiastrum;Ast.bel;H;NA;NA;NA;NA;NA;2152;NA;NA;NA;NA;NA;NA;NA;1206;NA;NA;2061;NA;NA;NA;1704;NA;NA;1704;NA;2122;NA;2122;2122;NA;NA;NA;NA;NA;NA;NA;NA;NA;NA;NA;NA;2096;2096;1823;1823;NA;1894;1894;NA;NA;1825
Astragalus australis;Asg.aus;H;NA;NA;NA;NA;NA;NA;NA;NA;NA;NA;NA;NA;NA;NA;NA;NA;NA;NA;NA;NA;NA;NA;NA;NA;NA;NA;NA;NA;NA;NA;NA;NA;NA;NA;NA;NA;NA;NA;NA;NA;NA;NA;NA;NA;1823;NA;1894;NA;NA;NA;1825
Astragalus frigidus;Asg.fri;G;NA;NA;NA;NA;2152;NA;NA;NA;NA;NA;NA;NA;NA;NA;NA;1978;2061;NA;NA;NA;NA;NA;NA;NA;NA;NA;NA;NA;NA;NA;NA;NA;NA;NA;NA;NA;NA;NA;NA;NA;NA;NA;NA;1823;1823;1858;NA;NA;NA;1858;NA
Astrantia major;Asn.maj;H;NA;NA;NA;NA;2152;NA;NA;NA;NA;NA;NA;NA;NA;1206;NA;NA;NA;NA;NA;NA;NA;NA;NA;NA;NA;NA;NA;NA;NA;NA;NA;NA;NA;NA;NA;NA;NA;NA;NA;NA;NA;NA;NA;NA;NA;NA;NA;NA;NA;NA;NA
Athyrium distentifolium;Ath.dis;H;NA;NA;NA;NA;NA;NA;NA;1867;NA;NA;NA;NA;NA;NA;NA;NA;NA;NA;NA;NA;NA;NA;NA;NA;NA;NA;NA;NA;NA;NA;2503;NA;1895;1992;NA;NA;1989;NA;NA;NA;NA;NA;NA;NA;1823;NA;NA;NA;NA;NA;1825
Athyrium filix-femina;Ath.fil;H;NA;NA;NA;NA;NA;NA;NA;1867;NA;NA;NA;NA;NA;NA;NA;NA;NA;NA;NA;NA;NA;NA;NA;NA;NA;NA;NA;NA;NA;NA;NA;NA;NA;NA;NA;NA;NA;NA;NA;NA;NA;NA;NA;NA;NA;NA;NA;NA;NA;NA;NA
Avenula versicolor;Ave.ver;H;NA;NA;NA;NA;NA;NA;NA;1867;NA;NA;2238;NA;NA;NA;NA;NA;NA;NA;2126;NA;NA;NA;NA;1704;NA;2122;NA;2122;2116;NA;2503;NA;NA;2410;NA;NA;2188;NA;NA;NA;NA;2096;NA;NA;1823;NA;1894;NA;NA;NA;1825
Bartsia alpina;Bar.alp;G;NA;NA;NA;NA;NA;2152;NA;NA;2452;NA;NA;NA;NA;NA;2061;NA;2061;NA;2126;NA;1704;NA;NA;1704;2122;2122;NA;2122;2122;NA;2503;NA;NA;2410;NA;NA;2410;NA;NA;NA;NA;2096;2096;NA;1823;NA;1894;1894;1894;NA;1894
Bellis perennis;Bel.per;H;NA;NA;NA;NA;NA;NA;NA;NA;NA;NA;NA;NA;NA;NA;NA;NA;NA;NA;NA;NA;1603;NA;NA;NA;NA;NA;NA;NA;NA;NA;NA;NA;NA;NA;NA;NA;NA;NA;NA;NA;NA;NA;NA;NA;NA;NA;NA;NA;NA;NA;NA
Biscutella laevigata;Bis.lae;H;NA;NA;NA;NA;NA;NA;NA;NA;NA;NA;NA;NA;NA;NA;2061;NA;2061;NA;NA;NA;NA;NA;1704;NA;2122;2122;2122;2122;2116;NA;NA;NA;NA;NA;NA;NA;NA;NA;2102;NA;NA;2096;2096;NA;1823;NA;1894;1894;1894;NA;1825
Botrychium lunaria;Bot.lun;G;NA;NA;NA;NA;2150;2152;NA;NA;NA;NA;NA;NA;NA;NA;NA;NA;NA;NA;NA;NA;1704;NA;NA;1704;2122;NA;2120;NA;2122;NA;NA;NA;NA;NA;NA;NA;NA;NA;NA;2055;NA;NA;2096;NA;1823;1894;NA;NA;NA;NA;1894
Briza media;Bri.med;H;NA;NA;NA;NA;NA;NA;NA;NA;NA;NA;NA;NA;NA;1206;NA;NA;NA;NA;NA;NA;NA;NA;NA;NA;NA;NA;NA;NA;NA;NA;NA;NA;NA;NA;NA;NA;NA;NA;NA;NA;NA;NA;NA;NA;NA;NA;NA;NA;NA;NA;NA
Bupleurum longifolium;Bup.lon;H;NA;NA;NA;NA;2152;NA;NA;NA;NA;NA;NA;NA;NA;NA;2061;NA;NA;NA;NA;NA;NA;NA;NA;NA;NA;NA;NA;NA;NA;NA;NA;NA;NA;NA;NA;NA;NA;NA;NA;NA;NA;NA;NA;NA;NA;NA;1894;NA;NA;NA;1894
Bupleurum ranunculoides;Bup.ran;H;NA;NA;NA;NA;2152;2152;1867;NA;NA;NA;NA;NA;NA;NA;2061;2061;2061;NA;NA;NA;NA;NA;NA;NA;NA;NA;NA;NA;NA;NA;NA;NA;NA;NA;NA;NA;NA;NA;NA;NA;NA;NA;NA;1823;1823;1894;1894;1894;NA;NA;1825
Bupleurum tenuissimum;Bup.ten;T;NA;NA;NA;NA;NA;NA;NA;NA;NA;NA;NA;NA;NA;NA;NA;NA;NA;NA;NA;NA;NA;NA;NA;NA;NA;NA;NA;NA;NA;NA;NA;NA;NA;NA;NA;NA;NA;NA;NA;NA;NA;NA;NA;NA;NA;NA;NA;1894;NA;NA;NA
Calamagrostis arundinacea;Cal.aru;H;NA;NA;NA;NA;NA;NA;NA;1867;NA;NA;NA;NA;NA;NA;NA;NA;NA;NA;NA;NA;NA;NA;NA;NA;NA;NA;NA;NA;NA;NA;NA;NA;NA;NA;NA;NA;NA;NA;NA;NA;NA;NA;NA;NA;NA;NA;NA;NA;NA;NA;NA
Calamagrostis canescens;Cal.var;H;NA;NA;NA;NA;NA;NA;NA;NA;NA;NA;NA;NA;NA;1206;NA;NA;NA;NA;NA;NA;NA;NA;NA;NA;NA;NA;NA;NA;NA;NA;NA;NA;NA;NA;NA;NA;NA;NA;NA;NA;NA;NA;NA;NA;NA;NA;NA;NA;NA;NA;NA
Calamagrostis varia;Cal.var;H;NA;NA;NA;NA;NA;NA;NA;NA;NA;NA;NA;NA;NA;NA;NA;NA;NA;NA;NA;NA;NA;NA;NA;NA;NA;NA;NA;2122;NA;NA;NA;NA;1765;NA;NA;NA;NA;NA;NA;NA;NA;2096;NA;NA;NA;NA;NA;NA;NA;NA;NA
Calamagrostis villosa;Cal.vil;G;NA;NA;NA;NA;NA;NA;NA;1867;NA;NA;NA;NA;NA;NA;NA;NA;NA;NA;NA;NA;NA;NA;NA;NA;NA;NA;NA;NA;NA;NA;NA;NA;NA;NA;NA;NA;NA;NA;NA;NA;NA;NA;NA;NA;1823;NA;NA;NA;NA;NA;NA
Callianthemum coriandrifolium;Cah.cor;H;2210;NA;NA;NA;NA;NA;NA;NA;NA;NA;NA;NA;NA;NA;NA;NA;NA;NA;NA;NA;NA;NA;NA;NA;NA;NA;NA;NA;NA;NA;NA;NA;NA;NA;NA;NA;NA;NA;NA;NA;NA;NA;NA;NA;NA;NA;NA;NA;NA;NA;NA
Calluna vulgaris;Cll.vul;Ch;NA;NA;NA;NA;NA;NA;NA;1867;NA;NA;2145;NA;NA;NA;NA;NA;NA;NA;NA;NA;NA;NA;NA;1704;NA;NA;NA;NA;NA;NA;NA;NA;NA;NA;NA;NA;NA;NA;NA;NA;NA;NA;NA;NA;1823;NA;NA;NA;NA;NA;NA
Caltha palustris;Cth.pal;H;NA;NA;NA;NA;NA;NA;1867;NA;NA;NA;NA;NA;NA;NA;NA;NA;NA;NA;NA;NA;NA;NA;NA;NA;NA;NA;NA;NA;NA;NA;NA;NA;NA;NA;NA;NA;NA;NA;NA;NA;NA;NA;NA;NA;NA;NA;NA;NA;NA;NA;NA
Campanula alpina;Cam.alp;H;2210;2210;2152;NA;NA;NA;1867;1867;2452;NA;2452;NA;NA;NA;NA;NA;2061;2126;NA;NA;NA;1704;1704;NA;2122;1988;NA;2122;2116;NA;2200;NA;2500;2410;NA;2410;2410;NA;NA;NA;NA;2096;2096;NA;1823;NA;1894;NA;NA;NA;1825
Campanula cochlearifolia;Cam.coc;H;NA;NA;NA;NA;NA;2152;NA;1867;NA;NA;2423;NA;NA;1206;NA;NA;2061;NA;NA;NA;NA;NA;NA;NA;NA;NA;NA;NA;NA;NA;NA;NA;NA;NA;NA;NA;NA;NA;1900;NA;NA;NA;NA;1823;1823;NA;NA;NA;NA;NA;1894
Campanula rotundifolia subsp. polymorpha;Cam.pol;H;NA;NA;NA;NA;NA;NA;NA;NA;NA;NA;2146;NA;NA;NA;NA;NA;NA;NA;NA;NA;NA;NA;NA;1704;NA;NA;NA;2122;2122;NA;NA;NA;1765;NA;NA;NA;2410;NA;NA;NA;NA;NA;NA;NA;1823;NA;NA;NA;NA;NA;NA
Campanula rotundifolia subsp. rotundifolia;Cam.rot;H;NA;NA;NA;NA;NA;NA;NA;NA;NA;NA;NA;NA;NA;NA;NA;NA;NA;NA;NA;NA;NA;NA;NA;NA;NA;NA;NA;NA;NA;NA;NA;NA;NA;NA;NA;2410;NA;NA;NA;NA;NA;2096;NA;1823;NA;NA;NA;NA;NA;NA;NA
Campanula scheuchzeri;Cam.sch;H;NA;2210;NA;NA;NA;NA;NA;NA;2452;NA;NA;NA;NA;NA;2061;NA;NA;NA;NA;NA;NA;NA;NA;NA;NA;2122;NA;2122;NA;NA;2503;NA;NA;NA;NA;NA;NA;NA;NA;NA;NA;2096;2096;1823;NA;1894;1894;NA;NA;NA;1894
Cardamine impatiens;Car.imp;T;NA;NA;NA;NA;NA;NA;NA;1867;NA;NA;NA;NA;NA;NA;NA;NA;NA;NA;NA;NA;NA;NA;NA;NA;NA;NA;NA;NA;NA;NA;NA;NA;NA;NA;NA;NA;NA;NA;NA;NA;NA;NA;NA;NA;NA;NA;NA;NA;NA;NA;NA
Cardamine trifolia;Car.tri;G;NA;NA;NA;NA;NA;NA;NA;NA;NA;NA;NA;1206;NA;NA;NA;NA;NA;NA;NA;NA;NA;NA;NA;NA;NA;NA;NA;NA;NA;NA;NA;NA;NA;NA;NA;NA;NA;NA;NA;NA;NA;NA;NA;NA;NA;NA;NA;NA;NA;NA;NA
Cardaminopsis arenosa                ;Crd.bor;H;NA;NA;NA;NA;NA;NA;NA;NA;NA;NA;NA;1206;NA;NA;NA;NA;NA;NA;NA;1704;1704;NA;NA;1704;2122;2112;2112;NA;2122;NA;NA;NA;NA;NA;NA;NA;NA;NA;NA;NA;NA;2096;2096;NA;NA;NA;1894;NA;NA;NA;1894
Cardaminopsis halleri;Crd.hal;H;NA;NA;NA;NA;NA;NA;NA;NA;NA;NA;NA;NA;NA;NA;NA;NA;2061;NA;NA;NA;NA;NA;NA;NA;2122;2122;2122;2122;2122;NA;NA;NA;NA;NA;NA;NA;NA;NA;NA;NA;NA;2096;2096;NA;1823;NA;NA;NA;NA;NA;1825
Cardaminopsis neglecta;Crd.neg;H;NA;NA;NA;NA;NA;NA;NA;NA;NA;NA;NA;NA;NA;NA;NA;NA;NA;NA;NA;NA;NA;NA;NA;NA;2122;NA;NA;NA;NA;NA;2503;NA;2500;2410;NA;2410;2410;NA;NA;NA;NA;NA;NA;NA;NA;NA;NA;NA;NA;NA;NA
Carduus defloratus subsp. glaucus;Cdu.gla;H;NA;NA;NA;NA;NA;NA;NA;NA;NA;NA;NA;1206;NA;1206;2061;NA;2061;NA;NA;NA;NA;NA;NA;NA;NA;NA;NA;NA;NA;NA;NA;NA;NA;NA;NA;NA;NA;NA;2019;2060;NA;NA;2096;1823;1823;1894;NA;NA;NA;NA;1894
Carex atrata;Crx.atr;H;NA;NA;NA;2152;NA;2152;NA;NA;NA;NA;2240;NA;NA;NA;NA;NA;2061;NA;NA;NA;NA;NA;NA;NA;2122;2071;NA;2122;2122;NA;NA;NA;NA;NA;NA;NA;NA;NA;NA;NA;NA;2096;2096;1823;1823;1894;NA;NA;1894;NA;1894
Carex bigelowii;Crx.big;G;NA;NA;NA;NA;NA;NA;NA;1867;NA;NA;NA;NA;NA;NA;NA;NA;NA;NA;NA;NA;NA;NA;NA;NA;NA;NA;NA;NA;NA;NA;NA;NA;NA;NA;NA;NA;NA;NA;NA;NA;NA;NA;2096;NA;NA;NA;NA;NA;NA;NA;NA
Carex capillaris;Car.cap;H;NA;NA;NA;NA;NA;NA;NA;NA;NA;NA;NA;1206;NA;1206;NA;NA;2061;NA;NA;NA;1704;NA;NA;1704;NA;2122;NA;2122;NA;NA;NA;NA;NA;NA;NA;NA;NA;NA;NA;NA;NA;2096;NA;NA;NA;NA;NA;NA;NA;NA;NA
Carex curta;Crx.cut;H;NA;NA;NA;NA;NA;NA;NA;1867;NA;NA;NA;NA;NA;NA;NA;NA;NA;NA;NA;NA;NA;NA;NA;NA;2122;NA;NA;NA;NA;NA;NA;NA;NA;NA;NA;NA;NA;NA;NA;NA;NA;NA;NA;NA;NA;NA;NA;NA;NA;NA;NA
Carex davalliana;Crx.dav;H;NA;NA;NA;NA;NA;NA;NA;NA;NA;NA;NA;NA;NA;NA;NA;NA;NA;NA;NA;NA;1704;NA;NA;NA;NA;NA;NA;NA;NA;NA;NA;NA;NA;NA;NA;NA;NA;NA;NA;NA;NA;NA;NA;NA;NA;NA;NA;NA;NA;NA;NA
Carex firma;Crx.fir;H;NA;NA;NA;2152;NA;2152;NA;1867;NA;NA;NA;NA;NA;1206;NA;NA;2061;NA;NA;NA;NA;NA;NA;1704;2122;2122;NA;2122;2122;NA;2179;NA;NA;NA;NA;NA;NA;NA;NA;NA;NA;2096;2096;1823;1823;1894;1894;NA;NA;NA;1894
Carex fuliginosa;Crx.ful;H;NA;NA;NA;NA;NA;2152;NA;NA;2452;NA;2041;NA;NA;NA;NA;NA;NA;NA;NA;NA;NA;NA;NA;NA;2122;2122;NA;NA;2122;NA;2179;NA;NA;2410;NA;2410;NA;NA;NA;NA;NA;NA;NA;NA;NA;NA;NA;NA;NA;NA;NA
Carex nigra;Crx.nig;G;NA;NA;NA;NA;NA;NA;NA;NA;NA;NA;NA;NA;NA;NA;NA;NA;NA;NA;NA;NA;NA;NA;NA;NA;NA;NA;NA;2122;2122;NA;NA;NA;NA;NA;NA;NA;NA;NA;NA;2000;NA;2096;NA;NA;NA;NA;NA;NA;NA;NA;NA
Carex pilulifera;Crx.pil;H;NA;NA;NA;NA;NA;NA;NA;NA;NA;NA;NA;NA;NA;NA;NA;NA;NA;NA;NA;NA;NA;NA;NA;NA;2122;NA;NA;NA;NA;NA;NA;NA;NA;NA;NA;NA;NA;NA;NA;NA;NA;NA;NA;NA;NA;NA;NA;NA;NA;NA;NA
Carex sempervirens;Crx.sem;H;NA;NA;NA;NA;NA;2152;1867;1867;2452;NA;2240;NA;NA;1206;NA;NA;2061;NA;2126;NA;1704;NA;NA;1704;2122;2122;NA;2122;NA;NA;NA;NA;NA;2410;NA;NA;NA;NA;NA;NA;NA;NA;NA;1823;1823;NA;NA;NA;NA;NA;1894
Carex sylvatica;Crx.syl;H;NA;NA;NA;NA;NA;NA;NA;NA;NA;NA;NA;NA;NA;1206;NA;NA;NA;NA;NA;NA;NA;NA;NA;NA;NA;NA;NA;NA;NA;NA;NA;NA;NA;NA;NA;NA;NA;NA;NA;NA;NA;NA;NA;NA;NA;NA;NA;NA;NA;NA;NA
Carlina acaulis;Crl.aca;H;NA;NA;NA;NA;NA;NA;NA;NA;NA;NA;NA;NA;NA;1206;NA;NA;NA;NA;NA;NA;NA;NA;NA;NA;NA;NA;NA;NA;NA;NA;NA;NA;NA;NA;NA;NA;NA;NA;NA;NA;NA;NA;NA;NA;1823;1894;NA;NA;NA;NA;1825
Centaurea mollis;Cen.mol;H;NA;NA;NA;NA;NA;NA;NA;NA;NA;NA;NA;NA;NA;NA;2061;1978;NA;NA;NA;NA;NA;NA;NA;NA;NA;NA;NA;NA;NA;NA;NA;NA;NA;NA;NA;NA;NA;NA;NA;NA;NA;NA;NA;NA;NA;NA;NA;NA;NA;NA;NA
Centaurea scabiosa;Cen.sca;H;NA;NA;NA;NA;NA;NA;NA;NA;NA;NA;NA;NA;NA;1206;NA;NA;NA;NA;NA;NA;NA;NA;NA;NA;NA;NA;NA;NA;NA;NA;NA;NA;NA;NA;NA;NA;NA;NA;NA;NA;NA;NA;NA;NA;NA;NA;NA;NA;NA;NA;NA
Cerastium alpinum;Cer.lan;C;NA;NA;NA;NA;NA;2152;NA;1867;NA;2452;NA;1206;NA;NA;2061;NA;2061;2126;NA;NA;NA;NA;NA;NA;2122;NA;NA;2122;NA;2503;NA;NA;2190;NA;NA;2410;2410;NA;1976;NA;NA;2096;NA;NA;NA;1894;1894;1894;1894;NA;1894
Cerastium arvense                              ;Cer.arv;C;NA;NA;NA;NA;NA;NA;NA;NA;2452;NA;NA;NA;NA;NA;NA;NA;NA;NA;NA;NA;1704;NA;NA;1704;NA;2122;NA;NA;NA;NA;2267;2470;NA;NA;NA;NA;NA;NA;NA;NA;NA;NA;2096;1823;NA;NA;NA;NA;NA;NA;1894
Cerastium arvense subsp. glandulosum;Cer.tat;C;NA;NA;NA;NA;NA;NA;NA;NA;NA;NA;NA;NA;NA;NA;NA;NA;NA;NA;NA;NA;NA;NA;NA;1704;NA;NA;NA;2122;2122;NA;NA;NA;2500;NA;NA;2410;2410;NA;NA;NA;NA;2096;NA;NA;1823;NA;NA;NA;NA;NA;NA
Cerastium cerastoides;Cer.cer;C;NA;NA;NA;NA;NA;NA;1867;1867;NA;NA;NA;NA;NA;NA;NA;NA;NA;NA;NA;NA;NA;NA;NA;NA;2122;2122;NA;2122;2122;NA;2345;NA;NA;2410;NA;2410;NA;NA;NA;NA;NA;2096;NA;NA;NA;NA;1894;NA;NA;NA;NA
Cerastium fontanum;Cer.fon;C;NA;NA;NA;NA;2152;NA;NA;1867;NA;NA;NA;NA;NA;NA;NA;1978;NA;NA;NA;NA;NA;NA;NA;NA;2122;2116;NA;2122;2116;NA;NA;NA;NA;NA;NA;NA;NA;NA;NA;NA;NA;2096;NA;NA;1823;NA;NA;NA;NA;NA;1894
Cerastium latifolium;Cer.lat;C;NA;NA;NA;NA;NA;NA;NA;NA;2452;NA;NA;NA;NA;NA;NA;NA;NA;NA;NA;NA;NA;NA;NA;NA;NA;2122;2122;2122;NA;NA;2503;NA;NA;NA;NA;NA;NA;NA;NA;NA;2096;2096;NA;NA;1823;NA;1894;1894;NA;1794;NA
Cerastium uniflorum;Cer.uni;C;NA;NA;NA;NA;NA;NA;NA;NA;NA;NA;NA;NA;NA;NA;NA;NA;NA;NA;NA;NA;NA;NA;NA;NA;NA;NA;NA;NA;NA;NA;NA;2503;2500;NA;NA;2410;2410;NA;NA;NA;NA;NA;NA;NA;NA;NA;NA;NA;NA;NA;NA
Chaerophyllum hirsutum;Cha.hir;H;NA;NA;NA;NA;2152;NA;NA;1867;NA;NA;NA;NA;NA;1206;NA;NA;NA;NA;NA;NA;1704;NA;NA;NA;NA;NA;NA;NA;NA;NA;NA;NA;NA;NA;NA;NA;NA;NA;NA;NA;NA;NA;NA;1823;1823;NA;1894;NA;NA;NA;NA
Chamorchis alpina;Chm.alp;G;NA;NA;2152;NA;NA;2152;NA;NA;NA;NA;NA;NA;NA;NA;2061;2061;2061;NA;NA;NA;NA;NA;NA;NA;NA;NA;NA;NA;NA;NA;NA;NA;NA;NA;NA;NA;NA;NA;NA;NA;NA;NA;NA;NA;NA;NA;NA;NA;NA;NA;NA
Chrysosplenium alternifolium;Chr.alt;H;NA;NA;NA;NA;NA;NA;1867;1867;NA;NA;NA;NA;NA;NA;NA;NA;NA;NA;NA;NA;1704;NA;NA;NA;NA;NA;2122;NA;2122;NA;NA;NA;NA;NA;NA;NA;NA;NA;NA;2000;2000;NA;2096;NA;NA;1670;NA;NA;NA;NA;NA
Cicerbita alpina;Cic.alp;H;NA;NA;NA;NA;NA;NA;NA;1867;NA;NA;NA;NA;NA;NA;NA;NA;NA;NA;NA;NA;NA;NA;NA;NA;NA;NA;NA;NA;NA;NA;NA;NA;1725;NA;NA;NA;NA;NA;NA;NA;NA;NA;NA;NA;NA;NA;NA;NA;NA;NA;NA
Circaea alpina;Cir.alp;G;NA;NA;NA;NA;NA;NA;NA;1867;NA;NA;NA;NA;NA;1206;NA;NA;NA;NA;NA;NA;NA;NA;NA;NA;NA;NA;NA;NA;NA;NA;NA;NA;NA;NA;NA;NA;NA;NA;NA;NA;NA;NA;NA;NA;NA;NA;NA;NA;NA;NA;NA
Cirsium erisithales;Crs.eri;H;NA;NA;NA;NA;NA;NA;NA;NA;NA;NA;NA;NA;NA;1206;NA;NA;NA;NA;NA;NA;NA;NA;NA;NA;NA;NA;NA;NA;NA;NA;NA;NA;NA;NA;NA;NA;NA;NA;1905;NA;2060;NA;NA;1823;1823;NA;NA;NA;NA;NA;NA
Cirsium helenioides;Crs.hel;H;NA;NA;NA;NA;NA;NA;NA;NA;NA;NA;NA;NA;NA;NA;NA;NA;NA;NA;NA;NA;NA;NA;NA;NA;NA;NA;NA;NA;NA;NA;NA;NA;NA;NA;NA;NA;NA;NA;NA;NA;NA;NA;NA;NA;1823;NA;NA;NA;NA;NA;NA
Clematis alpina;Cle.alp;N;NA;NA;NA;NA;NA;NA;NA;NA;NA;NA;NA;NA;NA;1206;NA;NA;NA;NA;NA;NA;NA;NA;NA;NA;NA;NA;NA;NA;NA;NA;NA;NA;NA;NA;NA;NA;NA;2096;NA;NA;NA;NA;NA;NA;NA;1720;NA;NA;NA;NA;NA
Cochlearia tatrae;Coc.tat;H;NA;NA;NA;NA;2000;NA;NA;NA;NA;NA;NA;NA;NA;NA;NA;NA;NA;NA;NA;NA;NA;NA;NA;NA;NA;2058;NA;2122;NA;NA;NA;NA;NA;NA;NA;2410;2410;NA;NA;NA;NA;NA;NA;NA;NA;NA;NA;NA;NA;NA;NA
Coeloglossum viride;Coe.vir;G;NA;NA;NA;NA;NA;2152;NA;NA;NA;NA;NA;NA;NA;NA;NA;NA;2061;NA;NA;NA;NA;NA;NA;1704;NA;NA;NA;NA;2122;NA;NA;NA;NA;NA;NA;NA;NA;NA;NA;NA;NA;2096;2096;1823;1823;NA;NA;NA;NA;NA;NA
Corallorhiza trifida;Cor.tri;G;NA;NA;NA;NA;NA;NA;NA;NA;NA;NA;NA;1206;NA;NA;NA;NA;NA;NA;NA;NA;NA;NA;NA;NA;NA;NA;NA;NA;NA;NA;NA;NA;NA;NA;NA;NA;NA;NA;NA;NA;NA;NA;NA;NA;NA;NA;NA;NA;NA;NA;NA
Cortusa matthioli;Crt.mat;H;NA;NA;NA;NA;NA;NA;NA;NA;NA;NA;NA;NA;NA;NA;NA;NA;2061;NA;NA;NA;NA;NA;NA;NA;NA;NA;NA;NA;NA;NA;NA;NA;NA;NA;NA;NA;NA;NA;NA;NA;NA;NA;NA;NA;NA;NA;NA;NA;NA;NA;NA
Cotoneaster integerrimus;Cot.int;N;NA;NA;NA;NA;NA;NA;NA;NA;NA;NA;NA;NA;NA;1206;NA;NA;NA;NA;NA;NA;NA;NA;NA;NA;NA;NA;NA;NA;NA;NA;NA;NA;NA;NA;NA;NA;NA;NA;NA;NA;NA;NA;NA;NA;NA;NA;NA;NA;NA;NA;NA
Crepis jacquinii;Cre.jac;H;NA;NA;NA;NA;NA;NA;NA;NA;NA;NA;NA;1206;NA;1206;NA;NA;NA;NA;NA;NA;1704;NA;NA;1704;NA;NA;NA;NA;NA;NA;NA;NA;NA;NA;NA;NA;NA;NA;NA;NA;NA;NA;NA;1823;1823;1857;1894;1894;NA;NA;1825
Crepis mollis;Cre.mol;H;NA;NA;NA;NA;NA;NA;NA;NA;NA;NA;NA;NA;NA;NA;2061;NA;NA;NA;NA;NA;NA;NA;NA;NA;NA;NA;NA;2122;NA;NA;NA;NA;NA;NA;NA;NA;NA;NA;NA;NA;NA;2096;NA;1823;NA;NA;NA;NA;NA;NA;NA
Crepis paludosa;Cre.pal;H;NA;NA;NA;NA;NA;NA;NA;NA;NA;NA;NA;NA;NA;NA;2061;NA;NA;NA;NA;NA;NA;NA;NA;NA;NA;NA;NA;NA;NA;NA;NA;NA;NA;NA;NA;NA;NA;NA;NA;NA;NA;NA;NA;NA;NA;NA;NA;NA;NA;NA;NA
Cruciata glabra;Cru.gla;H;NA;NA;NA;NA;NA;NA;NA;NA;NA;NA;NA;NA;NA;1206;NA;NA;NA;NA;NA;NA;NA;NA;NA;NA;NA;NA;NA;NA;NA;NA;NA;NA;NA;NA;NA;NA;NA;NA;NA;NA;NA;NA;NA;NA;NA;NA;NA;NA;NA;NA;NA
Cystopteris alpina;Cys.alp;H;NA;NA;NA;NA;NA;NA;NA;NA;NA;NA;NA;NA;NA;NA;NA;NA;NA;NA;NA;NA;NA;NA;NA;NA;NA;1960;2100;NA;2122;NA;NA;NA;NA;NA;NA;NA;NA;NA;NA;2085;2085;NA;NA;NA;NA;NA;NA;NA;NA;NA;NA
Cystopteris fragilis;Cys.fra;H;NA;NA;NA;NA;NA;NA;NA;NA;NA;NA;NA;NA;NA;NA;NA;NA;2061;NA;NA;NA;1704;NA;NA;NA;NA;1999;NA;2122;2122;NA;NA;NA;1895;NA;NA;NA;NA;NA;NA;NA;NA;2096;2096;NA;1823;NA;NA;NA;NA;NA;1825
Cystopteris sudetica;Cys.sud;H;2210;NA;NA;NA;NA;NA;NA;NA;NA;NA;NA;1206;NA;NA;NA;NA;NA;NA;NA;NA;NA;NA;NA;NA;NA;NA;NA;NA;NA;NA;NA;NA;NA;NA;NA;NA;NA;NA;NA;NA;NA;NA;NA;NA;NA;NA;1894;NA;NA;NA;1825
Dactylis glomerata;Dtc.glo;H;NA;NA;NA;NA;NA;NA;NA;NA;NA;NA;NA;NA;NA;1206;NA;NA;NA;NA;NA;NA;NA;NA;NA;NA;NA;NA;NA;NA;NA;NA;NA;NA;NA;NA;NA;NA;NA;NA;NA;NA;NA;NA;NA;NA;NA;NA;NA;NA;NA;NA;NA
Daphne mezereum;Dap.mez;N;NA;NA;NA;NA;NA;NA;NA;NA;NA;NA;NA;NA;NA;1206;NA;NA;NA;NA;NA;NA;NA;NA;NA;NA;NA;NA;NA;NA;NA;NA;NA;NA;NA;NA;NA;NA;NA;NA;NA;NA;NA;NA;NA;NA;NA;NA;NA;NA;NA;NA;NA
Delphinium elatum;Del.ela;H;2210;NA;NA;NA;NA;NA;NA;NA;NA;NA;NA;NA;NA;NA;NA;NA;NA;NA;NA;NA;NA;NA;NA;NA;NA;2122;NA;NA;NA;NA;NA;NA;NA;NA;NA;NA;NA;NA;NA;NA;NA;NA;NA;1823;1823;NA;1894;NA;NA;NA;NA
Delphinium oxysepalum;Del.oxy;H;NA;NA;NA;NA;NA;NA;NA;NA;NA;NA;NA;NA;NA;NA;NA;NA;NA;NA;NA;NA;NA;NA;NA;1704;NA;NA;NA;2122;2122;NA;NA;NA;NA;NA;NA;NA;NA;NA;NA;NA;NA;2096;NA;NA;NA;NA;NA;NA;NA;NA;NA
Deschampsia cespitosa                     ;Des.ces;H;NA;NA;NA;NA;NA;NA;NA;1867;NA;NA;NA;NA;NA;1206;NA;NA;NA;NA;NA;NA;NA;NA;NA;NA;NA;NA;NA;2122;NA;NA;NA;NA;NA;NA;NA;NA;NA;NA;NA;NA;NA;2096;NA;NA;1823;NA;NA;NA;NA;NA;1894
Deschampsia flexuosa;Des.fle;H;NA;NA;NA;NA;NA;NA;NA;1867;NA;NA;2370;NA;NA;1206;NA;NA;NA;NA;NA;NA;NA;NA;NA;1704;NA;2111;NA;2122;NA;NA;2503;NA;1725;NA;NA;2410;1989;NA;NA;NA;NA;2096;NA;NA;1823;NA;NA;NA;NA;NA;NA
Dianthus glacialis;Dia.gla;H;2210;2210;NA;NA;NA;NA;1867;NA;NA;NA;NA;NA;NA;NA;NA;1998;2061;NA;2126;NA;NA;NA;NA;NA;2122;2122;NA;2122;NA;NA;NA;2490;NA;2410;NA;2410;NA;NA;NA;NA;NA;2096;NA;NA;NA;NA;NA;NA;NA;NA;NA
Dianthus plumarius;Dia.plu;H;NA;NA;NA;NA;NA;NA;NA;NA;NA;NA;NA;1206;NA;NA;NA;NA;NA;NA;NA;NA;NA;NA;NA;1704;2122;NA;NA;NA;NA;NA;NA;NA;NA;NA;NA;NA;NA;NA;NA;NA;NA;NA;NA;1800;NA;NA;1894;NA;NA;1800;NA
Dianthus superbus subsp. alpestris;Dia.sup;H;NA;NA;NA;NA;NA;NA;NA;NA;NA;NA;NA;NA;NA;NA;NA;NA;NA;NA;NA;NA;NA;NA;NA;NA;NA;NA;2050;2122;NA;NA;NA;NA;NA;NA;NA;NA;NA;NA;NA;NA;NA;2096;NA;NA;1823;NA;NA;NA;NA;NA;NA
Digitalis grandiflora;Dig.gra;H;NA;NA;NA;NA;NA;NA;NA;NA;NA;NA;NA;NA;NA;NA;NA;NA;NA;NA;NA;NA;NA;NA;NA;NA;NA;NA;NA;NA;NA;NA;NA;NA;NA;NA;NA;NA;NA;NA;NA;NA;NA;NA;NA;1700;NA;NA;NA;NA;NA;NA;NA
Diphasiastrum alpinum;Dip.alp;C;NA;NA;NA;NA;NA;NA;NA;1867;NA;NA;NA;NA;NA;NA;NA;NA;NA;NA;NA;NA;NA;NA;NA;NA;NA;NA;NA;NA;NA;NA;NA;NA;NA;NA;NA;NA;NA;NA;NA;NA;NA;NA;NA;NA;NA;NA;NA;NA;NA;NA;NA
Doronicum austriacum;Dor.aus;H;NA;NA;NA;NA;NA;NA;NA;NA;NA;NA;NA;NA;NA;NA;NA;1978;NA;NA;NA;NA;NA;NA;NA;NA;NA;NA;NA;NA;NA;NA;NA;NA;1725;NA;NA;NA;NA;NA;NA;NA;NA;NA;NA;NA;NA;NA;NA;NA;NA;NA;NA
Doronicum clusii;Dor.clu;H;2210;2210;NA;NA;NA;NA;1867;NA;NA;2452;2452;NA;NA;NA;NA;1998;NA;2126;NA;NA;NA;NA;NA;NA;2122;NA;NA;2122;2116;2503;2503;NA;2500;2410;NA;2410;2410;NA;NA;NA;NA;2096;NA;NA;NA;NA;NA;1894;NA;NA;NA
Draba aizoides;Dra.aiz;C;NA;NA;NA;NA;NA;NA;NA;NA;NA;NA;NA;NA;NA;NA;2061;NA;2061;NA;NA;1704;1704;NA;NA;1704;2122;2122;NA;2122;2122;NA;NA;NA;NA;NA;NA;NA;NA;NA;NA;NA;NA;2096;2096;1823;1823;1894;1894;NA;1894;NA;1894
Draba dubia;Dra.dub;C;NA;NA;NA;NA;NA;NA;NA;NA;NA;NA;NA;NA;NA;NA;NA;NA;NA;NA;NA;NA;NA;NA;NA;NA;NA;NA;NA;NA;NA;NA;NA;NA;NA;NA;NA;NA;NA;NA;NA;NA;NA;NA;NA;NA;NA;NA;NA;NA;NA;NA;NA
Draba tomentosa;Dra.tom;C;NA;NA;2152;NA;NA;NA;NA;NA;NA;NA;NA;NA;NA;NA;2061;NA;2061;NA;NA;NA;NA;NA;NA;NA;NA;NA;2122;NA;2122;NA;NA;NA;NA;NA;NA;NA;NA;NA;NA;2060;2060;NA;NA;NA;1823;NA;1894;NA;NA;1894;NA
Dryas octopetala;Drs.oct;Ch;NA;NA;NA;NA;2152;2152;NA;NA;NA;NA;NA;NA;NA;NA;NA;NA;2061;NA;NA;NA;1704;NA;NA;1704;2122;2122;NA;2122;2112;NA;NA;NA;NA;NA;2410;NA;NA;NA;NA;NA;NA;2096;2096;1823;1823;NA;1894;NA;1894;NA;1894
Dryopteris carthusiana;Dry.car;H;NA;NA;NA;NA;NA;NA;NA;NA;NA;NA;NA;NA;NA;1206;NA;NA;NA;NA;NA;NA;NA;NA;NA;NA;NA;2098;NA;NA;NA;NA;NA;NA;NA;NA;NA;NA;NA;NA;NA;NA;NA;NA;NA;NA;NA;NA;NA;NA;NA;NA;NA
Dryopteris dilatata;Dry.dil;H;NA;NA;NA;NA;NA;NA;NA;1867;NA;NA;NA;NA;NA;NA;NA;NA;NA;NA;NA;NA;NA;NA;NA;NA;NA;NA;2098;2122;NA;NA;NA;NA;NA;NA;NA;NA;NA;NA;NA;NA;NA;2096;NA;NA;NA;NA;NA;NA;NA;NA;1825
Empetrum nigrum;Emp.nig;Ch;2210;2210;NA;NA;NA;NA;1867;NA;NA;NA;NA;NA;NA;NA;NA;NA;NA;NA;NA;1704;NA;1704;NA;1704;2122;NA;NA;NA;NA;NA;NA;NA;NA;NA;NA;NA;NA;NA;NA;NA;NA;NA;NA;NA;NA;NA;1894;NA;NA;NA;NA
Empetrum nigrum subsp. hermaphroditum;Emp.her;Ch;NA;NA;NA;NA;NA;NA;NA;1867;NA;NA;2230;NA;NA;NA;NA;NA;NA;NA;NA;NA;NA;NA;NA;NA;NA;NA;NA;NA;NA;NA;NA;NA;NA;NA;NA;NA;NA;NA;NA;NA;NA;NA;NA;NA;NA;NA;NA;NA;NA;NA;NA
Epilobium alpestre;Epi.alp;H;NA;NA;NA;NA;NA;NA;NA;1867;NA;NA;NA;NA;NA;NA;NA;NA;NA;NA;NA;NA;NA;NA;NA;1704;NA;NA;NA;2122;NA;NA;NA;NA;NA;NA;NA;NA;NA;NA;NA;NA;NA;2096;NA;1700;1823;NA;NA;NA;NA;NA;NA
Epilobium alsinifolium;Epi.als;H;NA;NA;2152;NA;NA;NA;NA;NA;NA;NA;NA;NA;NA;NA;2061;NA;NA;NA;NA;NA;NA;NA;NA;NA;NA;NA;NA;NA;NA;NA;NA;NA;NA;NA;NA;NA;NA;NA;NA;2060;2060;NA;2096;NA;1823;NA;1894;NA;1894;NA;1825
Epilobium anagallidifolium;Epi.ana;H;NA;NA;NA;NA;NA;NA;1867;NA;NA;NA;NA;NA;NA;NA;NA;NA;NA;NA;NA;NA;1704;NA;NA;NA;NA;2122;NA;NA;NA;NA;2503;NA;NA;NA;NA;NA;NA;NA;NA;NA;NA;NA;NA;NA;NA;NA;NA;NA;NA;NA;NA
Epilobium angustifolium;Epi.ang;H;NA;NA;NA;NA;NA;NA;NA;1867;NA;NA;NA;NA;NA;NA;NA;NA;NA;NA;NA;NA;NA;NA;NA;NA;NA;NA;NA;NA;2116;NA;NA;NA;1623;NA;NA;NA;NA;NA;NA;NA;NA;NA;NA;NA;1823;NA;NA;NA;NA;NA;NA
Epilobium tetragonum subsp. tetragonum;Epi.tet;C;NA;NA;NA;NA;NA;NA;1867;NA;NA;NA;NA;NA;NA;NA;NA;NA;NA;NA;NA;NA;NA;NA;NA;NA;NA;NA;NA;NA;NA;NA;NA;NA;NA;NA;NA;NA;NA;NA;NA;NA;NA;NA;NA;NA;NA;NA;1894;NA;NA;NA;NA
Epipactis atrorubens;Epc.atr;G;NA;NA;NA;NA;NA;NA;NA;NA;NA;NA;NA;NA;1206;1206;NA;NA;NA;NA;NA;NA;NA;NA;NA;NA;NA;NA;NA;NA;NA;NA;NA;NA;NA;NA;NA;NA;NA;NA;NA;NA;NA;NA;NA;NA;NA;NA;1894;NA;NA;NA;NA
Equisetum variegatum;Equ.var;C;NA;NA;NA;NA;NA;NA;NA;NA;NA;NA;NA;NA;NA;NA;NA;NA;NA;NA;NA;NA;NA;NA;NA;NA;NA;NA;NA;NA;NA;NA;NA;NA;NA;NA;NA;NA;NA;NA;NA;NA;NA;NA;NA;NA;NA;NA;NA;NA;NA;NA;NA
Erigeron alpinus;Eri.alp;H;2210;NA;NA;NA;NA;NA;NA;NA;NA;NA;NA;NA;NA;NA;NA;NA;NA;NA;NA;NA;NA;NA;NA;NA;2122;2085;NA;NA;NA;NA;NA;NA;NA;NA;NA;NA;NA;NA;NA;NA;NA;NA;NA;NA;NA;NA;NA;NA;NA;NA;NA
Erigeron nanus;Eri.nan;H;NA;NA;NA;NA;NA;NA;NA;NA;NA;NA;NA;NA;NA;NA;NA;NA;NA;NA;NA;NA;NA;NA;NA;1704;NA;NA;NA;2122;NA;NA;NA;NA;NA;NA;NA;NA;NA;NA;NA;NA;NA;2096;NA;NA;NA;NA;NA;NA;NA;NA;NA
Erigeron uniflorus;Eri.uni;H;NA;NA;NA;NA;NA;2152;NA;NA;NA;NA;NA;NA;NA;NA;NA;NA;2061;NA;NA;NA;NA;NA;1704;NA;2122;2122;NA;NA;2122;NA;2355;NA;2500;2301;NA;NA;2251;NA;NA;NA;NA;NA;2096;NA;NA;NA;NA;1894;1894;NA;NA
Euphrasia minima;Eup.min;T;NA;NA;NA;NA;NA;NA;NA;NA;NA;NA;2075;NA;NA;NA;NA;NA;NA;NA;NA;NA;1704;NA;NA;1704;NA;NA;NA;2122;NA;NA;NA;NA;NA;NA;NA;NA;NA;NA;NA;NA;NA;2096;NA;NA;NA;NA;NA;1894;NA;NA;1894
Euphrasia minima subsp. tatrae;Eup.tat;T;NA;NA;NA;NA;NA;NA;NA;NA;NA;NA;NA;NA;NA;NA;NA;NA;2061;NA;NA;NA;NA;NA;NA;NA;NA;NA;NA;NA;NA;NA;NA;NA;NA;NA;NA;NA;NA;NA;NA;NA;NA;NA;NA;NA;NA;NA;NA;NA;NA;NA;NA
Euphrasia salisburgensis;Eup.sal;T;2210;NA;NA;NA;NA;2152;NA;NA;NA;NA;NA;NA;NA;1206;2061;NA;2061;NA;NA;NA;NA;NA;NA;NA;NA;NA;NA;NA;NA;NA;NA;NA;NA;NA;NA;NA;NA;NA;NA;NA;NA;NA;NA;1823;1823;1894;NA;1894;NA;NA;1825
Euphrasia stricta;Eup.str;T;NA;NA;NA;NA;NA;NA;NA;NA;NA;NA;NA;NA;NA;NA;NA;NA;NA;NA;NA;NA;NA;NA;NA;1704;NA;NA;NA;NA;NA;NA;NA;NA;NA;NA;NA;NA;NA;NA;NA;NA;NA;NA;NA;NA;NA;NA;NA;NA;NA;NA;NA
Fagus sylvatica;Fag.syl;M;NA;NA;NA;NA;NA;NA;NA;NA;NA;NA;NA;NA;NA;1206;NA;NA;NA;NA;NA;NA;NA;NA;NA;NA;NA;NA;NA;NA;NA;NA;NA;NA;NA;NA;NA;NA;NA;NA;NA;NA;NA;NA;NA;NA;NA;NA;NA;NA;NA;NA;NA
Festuca airoides;Fes.sup;H;NA;NA;NA;NA;NA;2152;NA;1867;NA;NA;2452;NA;NA;NA;NA;NA;2061;NA;2126;NA;1704;NA;NA;1704;NA;2122;NA;2122;2122;NA;2503;NA;2500;NA;NA;2410;2410;NA;NA;NA;NA;2096;NA;NA;NA;NA;NA;NA;NA;NA;1894
Festuca amethystina;Fes.tat;H;NA;NA;NA;NA;NA;NA;NA;1867;NA;NA;NA;NA;NA;NA;NA;NA;NA;NA;NA;NA;NA;NA;NA;NA;NA;NA;NA;NA;NA;NA;NA;NA;NA;NA;NA;NA;NA;NA;NA;NA;NA;NA;NA;NA;NA;NA;NA;NA;NA;NA;NA
Festuca carpatica;Fes.car;H;NA;NA;NA;NA;NA;NA;NA;NA;NA;NA;NA;NA;NA;NA;NA;NA;NA;NA;NA;NA;NA;NA;NA;NA;NA;NA;NA;2122;NA;NA;NA;NA;NA;NA;NA;NA;NA;NA;NA;NA;2085;2096;NA;NA;NA;NA;NA;NA;NA;NA;1894
Festuca picta;Fes.pic;H;NA;NA;NA;NA;NA;NA;NA;NA;NA;NA;NA;NA;NA;NA;2061;NA;NA;2126;NA;NA;NA;NA;NA;NA;NA;2122;NA;2122;NA;NA;2503;NA;1725;2410;NA;2410;2188;NA;NA;NA;NA;2096;NA;NA;NA;NA;NA;NA;NA;NA;1894
Festuca psammophila;Fes.psa;H;NA;NA;NA;NA;NA;NA;NA;NA;NA;NA;NA;NA;NA;NA;NA;NA;NA;NA;NA;NA;NA;NA;NA;NA;NA;NA;NA;NA;NA;NA;NA;NA;NA;NA;NA;NA;NA;NA;NA;NA;NA;NA;NA;NA;NA;NA;1894;NA;NA;NA;1825
Festuca rubra;Fes.rub;H;NA;NA;NA;NA;NA;NA;NA;NA;NA;NA;NA;NA;NA;1206;NA;NA;NA;NA;NA;NA;NA;NA;NA;NA;NA;NA;NA;NA;NA;NA;NA;NA;NA;NA;NA;NA;NA;NA;NA;NA;NA;NA;NA;NA;NA;NA;NA;NA;NA;NA;NA
Festuca versicolor;Fes.ver;H;NA;NA;2152;2152;NA;2152;NA;1867;2452;NA;2452;1206;NA;1206;NA;NA;2061;NA;NA;NA;1704;NA;NA;1704;NA;2122;NA;2122;2122;NA;NA;NA;NA;NA;NA;NA;NA;NA;NA;NA;NA;2096;2096;NA;1823;NA;1894;NA;NA;NA;NA
Fragaria vesca;Fra.ver;H;NA;NA;NA;NA;NA;NA;NA;1867;NA;NA;NA;NA;NA;1206;NA;NA;NA;NA;NA;NA;1605;NA;NA;NA;NA;NA;NA;NA;NA;NA;NA;NA;NA;NA;NA;NA;NA;NA;NA;NA;NA;NA;NA;NA;NA;NA;NA;NA;NA;NA;NA
Fraxinus excelsior;Fra.exc;M;NA;NA;NA;NA;NA;NA;NA;NA;NA;NA;NA;NA;NA;1206;NA;NA;NA;NA;NA;NA;NA;NA;NA;NA;NA;NA;NA;NA;NA;NA;NA;NA;NA;NA;NA;NA;NA;NA;NA;NA;NA;NA;NA;NA;NA;NA;NA;NA;NA;NA;NA
Galium anisophyllum;Gal.ani;C;NA;NA;NA;NA;NA;2152;NA;NA;NA;NA;NA;NA;NA;1206;NA;NA;2061;NA;NA;NA;NA;NA;NA;1704;NA;NA;NA;NA;NA;NA;NA;NA;NA;NA;NA;NA;NA;NA;NA;NA;NA;NA;2096;NA;1823;NA;NA;NA;NA;NA;1894
Galium sudeticum;Gal.sud;H;NA;NA;NA;NA;NA;NA;NA;NA;NA;NA;NA;NA;NA;NA;NA;NA;NA;NA;NA;NA;1704;NA;NA;NA;NA;2122;NA;2122;2122;NA;NA;NA;NA;NA;NA;NA;NA;NA;NA;NA;NA;2096;NA;1823;NA;NA;1894;NA;NA;NA;NA
Galium sylvaticum;Gal.syl;G;NA;NA;NA;NA;NA;NA;NA;NA;NA;NA;NA;NA;NA;NA;NA;NA;NA;NA;NA;NA;NA;NA;NA;NA;NA;NA;NA;NA;NA;NA;NA;NA;NA;NA;NA;NA;NA;NA;NA;NA;NA;NA;NA;NA;NA;NA;NA;1894;NA;NA;NA
Gentiana asclepiadea;Gen.asc;H;NA;NA;NA;NA;NA;NA;1867;1867;NA;NA;NA;NA;NA;1206;NA;NA;NA;NA;NA;NA;NA;NA;NA;NA;NA;NA;NA;NA;NA;NA;NA;NA;NA;NA;NA;NA;NA;NA;NA;NA;NA;NA;NA;1823;NA;NA;NA;NA;NA;NA;NA
Gentiana clusii;Gen.clu;H;NA;NA;NA;NA;NA;NA;NA;NA;NA;NA;NA;NA;1206;1206;NA;NA;NA;NA;NA;NA;1704;NA;1704;NA;NA;NA;NA;NA;NA;NA;NA;NA;NA;NA;NA;NA;NA;NA;1858;NA;2000;NA;NA;1823;1823;1894;1894;NA;NA;NA;1825
Gentiana frigida;Gen.fri;H;2210;2210;NA;NA;NA;NA;NA;NA;2452;2452;2452;NA;NA;NA;NA;NA;NA;NA;NA;NA;NA;NA;NA;NA;NA;NA;NA;NA;NA;2503;2503;NA;2500;2410;NA;2410;2410;NA;2096;NA;NA;NA;NA;NA;1823;NA;NA;NA;NA;NA;NA
Gentiana nivalis;Gen.niv;T;NA;NA;NA;2152;NA;2152;1867;NA;NA;NA;NA;NA;NA;NA;NA;NA;NA;NA;NA;1704;1704;1704;1704;1704;2122;NA;NA;NA;NA;NA;NA;NA;NA;NA;NA;NA;NA;NA;NA;NA;NA;NA;NA;1823;NA;1894;1894;NA;NA;NA;1894
Gentiana punctata;Gen.pun;H;NA;2210;NA;NA;NA;NA;NA;1867;2452;NA;2415;NA;NA;NA;NA;NA;NA;NA;2126;NA;NA;NA;NA;NA;2122;NA;NA;NA;NA;NA;2503;NA;1840;NA;NA;NA;2188;NA;NA;NA;NA;NA;NA;1823;NA;NA;NA;NA;NA;NA;NA
Gentiana verna;Gen.ver;C;NA;NA;NA;NA;NA;NA;NA;NA;NA;NA;NA;1206;NA;NA;NA;NA;2061;NA;NA;NA;1704;NA;NA;1704;NA;2122;NA;2122;2122;NA;NA;NA;NA;NA;NA;NA;NA;NA;NA;NA;NA;2096;2096;1823;1823;NA;NA;1894;NA;NA;NA
Gentianella amarella;Gtl.ama;T;NA;NA;NA;NA;NA;NA;NA;NA;NA;NA;NA;NA;NA;NA;NA;NA;NA;NA;NA;NA;NA;NA;NA;NA;NA;NA;NA;NA;NA;NA;NA;NA;NA;NA;NA;NA;NA;NA;NA;NA;NA;NA;NA;NA;NA;NA;1894;NA;NA;NA;NA
Gentianella ciliata;Gtl.cil;T;NA;NA;NA;NA;NA;NA;NA;NA;NA;NA;NA;NA;NA;NA;NA;NA;NA;NA;NA;1704;NA;NA;NA;NA;NA;NA;NA;NA;NA;NA;NA;NA;NA;NA;NA;NA;NA;NA;NA;NA;NA;NA;NA;NA;NA;NA;NA;NA;NA;NA;NA
Gentianella germanica;Gtl.ger;H;NA;NA;NA;NA;NA;NA;NA;NA;NA;NA;NA;NA;NA;NA;NA;NA;NA;NA;NA;NA;1704;NA;NA;NA;NA;NA;NA;NA;NA;NA;NA;NA;NA;NA;NA;NA;NA;NA;NA;NA;NA;NA;NA;1823;NA;1858;NA;NA;NA;NA;NA
Gentianella lutescens;Gtl.lut;T;NA;NA;NA;NA;NA;NA;NA;NA;NA;NA;NA;NA;NA;NA;NA;NA;NA;NA;NA;NA;NA;NA;NA;NA;NA;NA;NA;NA;NA;NA;NA;NA;NA;NA;NA;NA;NA;NA;NA;NA;NA;NA;NA;NA;1823;NA;NA;NA;NA;NA;NA
Gentianella tenella;Gtl.ten;T;NA;NA;NA;NA;NA;NA;NA;NA;NA;NA;NA;NA;NA;NA;NA;NA;NA;NA;NA;NA;NA;NA;NA;NA;2122;NA;NA;NA;NA;NA;NA;NA;NA;NA;NA;NA;NA;NA;NA;NA;NA;NA;NA;NA;NA;NA;NA;NA;NA;NA;NA
Geranium robertianum;Ger.rob;T;NA;NA;NA;NA;NA;NA;NA;NA;NA;NA;NA;NA;NA;1206;NA;NA;NA;NA;NA;NA;NA;NA;NA;NA;NA;NA;NA;NA;NA;NA;NA;NA;NA;NA;NA;NA;NA;NA;NA;NA;NA;NA;NA;1700;NA;NA;NA;NA;NA;1700;NA
Geranium sylvaticum;Ger.syl;H;NA;NA;NA;NA;2152;2152;1867;NA;NA;NA;NA;NA;NA;NA;NA;NA;2061;NA;NA;NA;1704;NA;NA;NA;NA;2085;NA;2122;2122;NA;NA;NA;1725;NA;NA;NA;NA;NA;NA;NA;NA;2096;2096;1823;1823;NA;NA;NA;NA;NA;1825
Geum montanum;Geu.mon;H;NA;NA;NA;NA;NA;NA;1867;1867;2452;NA;2433;NA;NA;NA;2061;NA;2061;2126;NA;NA;NA;NA;NA;1704;NA;2122;NA;2122;2122;NA;2503;NA;2500;2410;NA;2410;2410;NA;NA;NA;NA;2096;2096;1823;1823;NA;NA;1894;NA;NA;1825
Geum reptans;Geu.rep;H;NA;NA;NA;NA;NA;NA;NA;NA;2452;NA;NA;NA;NA;NA;NA;NA;NA;2126;NA;NA;NA;NA;NA;NA;NA;NA;NA;NA;NA;2503;2345;NA;2500;2410;NA;2410;2410;NA;NA;NA;NA;NA;NA;NA;NA;NA;NA;NA;NA;NA;NA
Geum rivale;Geu.riv;H;NA;NA;NA;NA;NA;NA;NA;1867;NA;NA;NA;NA;NA;NA;NA;NA;NA;NA;NA;NA;NA;NA;NA;NA;NA;NA;NA;NA;NA;NA;NA;NA;NA;NA;NA;NA;NA;NA;NA;NA;NA;NA;NA;NA;NA;NA;NA;NA;NA;NA;NA
Gymnadenia conopsea;Gym.con;G;NA;NA;NA;NA;NA;NA;NA;NA;NA;NA;NA;NA;NA;1206;NA;NA;NA;NA;NA;NA;NA;NA;NA;1704;NA;NA;NA;NA;NA;NA;NA;NA;NA;NA;NA;NA;NA;NA;NA;NA;NA;NA;2096;1823;1823;NA;NA;NA;NA;NA;1825
Gymnadenia odoratissima;Gym.odo;G;NA;NA;NA;NA;NA;NA;1867;NA;NA;NA;NA;1206;1206;1206;NA;NA;NA;NA;NA;NA;NA;NA;NA;NA;NA;NA;NA;NA;NA;NA;NA;NA;NA;NA;NA;NA;NA;NA;NA;NA;NA;NA;NA;NA;NA;NA;1894;NA;NA;NA;NA
Gymnocarpium robertianum;Gmc.rob;G;NA;NA;NA;NA;NA;NA;NA;NA;NA;NA;NA;NA;NA;NA;NA;NA;NA;NA;NA;NA;NA;NA;NA;NA;NA;NA;NA;NA;NA;NA;NA;NA;NA;NA;NA;NA;NA;NA;NA;NA;NA;NA;NA;NA;NA;NA;NA;NA;NA;1700;NA
Gypsophila repens;Gyp.rep;C;NA;NA;NA;2152;NA;NA;NA;NA;NA;NA;NA;1206;NA;1206;NA;NA;NA;NA;NA;1704;NA;1704;1704;NA;2122;NA;NA;NA;NA;NA;NA;NA;NA;NA;NA;NA;NA;NA;NA;NA;NA;NA;NA;1700;1823;NA;1894;NA;1894;NA;NA
Hedysarum hedysaroides;Hed.hed;G;NA;NA;NA;2152;2152;2152;1867;NA;NA;NA;NA;NA;NA;NA;2061;NA;2061;NA;NA;NA;NA;NA;NA;1704;2122;2122;NA;2122;2122;NA;NA;NA;NA;NA;NA;NA;NA;NA;NA;NA;NA;2096;2096;1823;1823;NA;1894;NA;1894;NA;1894
Helianthemum nummularium;Hel.num;Ch;NA;NA;NA;NA;2152;NA;NA;NA;NA;NA;NA;1206;NA;1206;2061;NA;2061;NA;NA;NA;NA;NA;NA;1704;NA;1991;NA;2122;2112;NA;NA;NA;NA;NA;NA;NA;NA;NA;NA;NA;NA;2096;NA;NA;1823;1894;1894;NA;NA;NA;1894
Heracleum sphondylium;Her.sph;H;NA;NA;NA;NA;NA;NA;NA;NA;NA;NA;NA;NA;NA;1206;NA;NA;NA;NA;NA;NA;NA;NA;NA;NA;NA;NA;NA;2122;NA;NA;NA;NA;NA;NA;NA;NA;NA;NA;NA;2060;2050;2096;NA;NA;NA;NA;NA;NA;NA;NA;1825
Heracleum sphondylium subsp. sibiricum;Her.sib;H;NA;NA;NA;NA;NA;NA;NA;NA;NA;2452;NA;NA;NA;NA;NA;NA;NA;NA;NA;NA;NA;NA;NA;NA;NA;NA;NA;NA;NA;NA;NA;NA;NA;NA;NA;NA;NA;NA;NA;NA;NA;NA;NA;NA;NA;NA;NA;NA;NA;NA;NA
Hieracium acuminatum;Hie.acu;H;NA;NA;NA;NA;NA;NA;NA;NA;NA;NA;NA;NA;NA;NA;NA;NA;NA;NA;NA;NA;NA;NA;NA;NA;NA;NA;NA;NA;NA;NA;NA;NA;NA;NA;NA;NA;NA;NA;NA;NA;NA;NA;NA;1700;NA;NA;NA;NA;NA;NA;NA
Hieracium alpicola;Hie.ala;H;NA;NA;NA;NA;NA;NA;NA;NA;NA;NA;NA;NA;NA;NA;NA;NA;NA;NA;NA;NA;NA;NA;NA;NA;NA;NA;NA;NA;NA;NA;NA;NA;NA;NA;NA;NA;NA;NA;NA;NA;NA;NA;NA;NA;NA;NA;NA;NA;NA;NA;1894
Hieracium alpinum;Hie.alp;H;2210;2210;NA;NA;NA;NA;1867;NA;NA;NA;NA;NA;NA;NA;2061;NA;NA;NA;2126;NA;1704;NA;NA;NA;2122;2122;NA;2122;2116;NA;2503;NA;2500;2410;NA;NA;NA;NA;NA;NA;NA;2096;NA;NA;1823;NA;1894;1894;NA;NA;1894
Hieracium atratum;Hie.atr;H;NA;NA;NA;NA;NA;NA;NA;NA;NA;NA;NA;NA;NA;NA;NA;NA;NA;NA;NA;NA;NA;NA;NA;NA;2122;NA;NA;NA;NA;NA;NA;NA;NA;NA;NA;NA;NA;NA;NA;NA;NA;NA;NA;NA;NA;NA;1894;NA;NA;NA;NA
Hieracium aurantiacum;Hie.aur;H;NA;NA;NA;NA;NA;NA;NA;NA;NA;NA;NA;NA;NA;NA;2061;NA;NA;NA;NA;NA;NA;NA;NA;NA;NA;NA;NA;2122;NA;NA;NA;NA;NA;NA;NA;NA;NA;NA;NA;NA;NA;2096;NA;NA;NA;NA;NA;NA;NA;NA;NA
Hieracium bifidum;Hie.bif;H;NA;NA;NA;NA;NA;NA;NA;NA;NA;NA;NA;1206;NA;1206;NA;NA;NA;NA;NA;NA;NA;NA;NA;NA;NA;NA;NA;NA;NA;NA;NA;NA;NA;NA;NA;NA;NA;NA;NA;NA;NA;NA;NA;NA;NA;NA;NA;NA;NA;NA;1894
Hieracium bupleuroides;Hie.bup;H;NA;NA;NA;NA;NA;NA;NA;NA;NA;NA;NA;1206;NA;NA;NA;NA;NA;NA;NA;NA;NA;NA;NA;NA;NA;NA;NA;NA;NA;NA;NA;NA;NA;NA;NA;NA;NA;NA;NA;NA;NA;NA;NA;NA;NA;NA;NA;NA;NA;NA;NA
Hieracium caesium;Hie.cae;H;NA;NA;NA;NA;NA;NA;NA;NA;NA;NA;NA;1206;NA;NA;NA;NA;NA;NA;NA;NA;NA;NA;NA;NA;NA;NA;NA;NA;NA;NA;NA;NA;NA;NA;NA;NA;NA;NA;NA;NA;NA;NA;NA;NA;NA;NA;1894;NA;NA;NA;NA
Hieracium caespitosum;Hie.csp;H;NA;NA;NA;NA;NA;NA;NA;NA;NA;NA;NA;1206;NA;NA;NA;NA;NA;NA;NA;NA;NA;NA;NA;NA;NA;NA;NA;NA;NA;NA;NA;NA;NA;NA;NA;NA;NA;NA;NA;NA;NA;NA;NA;NA;NA;NA;NA;NA;NA;NA;NA
Hieracium fritzei;Hie.fri;H;NA;NA;NA;NA;NA;NA;NA;NA;NA;NA;NA;NA;NA;NA;NA;NA;NA;NA;NA;NA;NA;NA;NA;NA;NA;NA;NA;NA;NA;NA;NA;NA;NA;NA;NA;NA;NA;NA;NA;NA;NA;NA;NA;NA;NA;NA;1894;NA;NA;NA;NA
Hieracium lactucella;Hie.lac;H;NA;NA;NA;NA;NA;NA;NA;NA;NA;NA;NA;NA;NA;NA;NA;NA;NA;NA;NA;NA;1605;NA;NA;NA;NA;NA;NA;NA;NA;NA;NA;NA;NA;NA;NA;NA;NA;NA;NA;NA;NA;NA;NA;NA;NA;NA;NA;NA;NA;NA;NA
Hieracium murorum;Hie.mur;H;NA;NA;NA;NA;NA;NA;NA;1867;NA;NA;NA;NA;NA;1206;NA;NA;NA;NA;NA;NA;1605;NA;NA;1704;NA;NA;NA;NA;NA;NA;NA;NA;NA;NA;NA;NA;NA;NA;NA;NA;NA;NA;NA;NA;NA;NA;NA;NA;NA;NA;NA
Hieracium nigrescens;Hie.nig;H;NA;NA;NA;NA;NA;NA;NA;NA;NA;NA;NA;NA;NA;NA;NA;NA;NA;NA;NA;NA;NA;NA;NA;NA;NA;NA;NA;NA;NA;NA;NA;NA;NA;NA;NA;NA;NA;NA;NA;NA;NA;NA;NA;NA;NA;NA;1894;NA;NA;NA;NA
Hieracium pilosella;Hie.pil;H;NA;NA;NA;NA;NA;NA;NA;NA;NA;NA;2360;NA;NA;NA;2061;NA;NA;NA;NA;NA;NA;NA;NA;NA;NA;NA;NA;NA;NA;NA;NA;NA;NA;NA;NA;NA;NA;NA;NA;NA;NA;NA;NA;NA;NA;NA;NA;NA;NA;NA;NA
Hieracium piloselloides;Hie.pld;H;NA;NA;NA;NA;NA;NA;NA;NA;NA;NA;NA;NA;NA;NA;NA;NA;NA;NA;NA;NA;NA;NA;NA;NA;NA;NA;NA;NA;NA;NA;NA;NA;NA;NA;NA;NA;NA;NA;NA;NA;NA;NA;NA;NA;1823;NA;NA;NA;NA;NA;NA
Hieracium prenanthoides;Hie.pre;H;NA;NA;NA;NA;NA;NA;NA;NA;NA;NA;NA;NA;NA;NA;2061;NA;NA;NA;NA;NA;NA;NA;NA;NA;NA;NA;NA;NA;NA;NA;NA;NA;NA;NA;NA;NA;NA;NA;NA;NA;NA;NA;NA;NA;NA;NA;1894;NA;NA;NA;NA
Hieracium villosum;Hie.vil;H;NA;NA;NA;NA;NA;NA;1867;1867;NA;NA;NA;1206;NA;1206;2061;NA;2061;NA;NA;NA;NA;NA;NA;1704;2122;NA;NA;NA;NA;NA;NA;NA;NA;NA;NA;NA;NA;NA;NA;NA;NA;NA;NA;1823;1823;1894;1894;1894;NA;NA;1825
Hieracium x brachiatum;Hie.bra;H;NA;NA;NA;NA;NA;NA;NA;NA;NA;NA;NA;1206;NA;NA;NA;NA;NA;NA;NA;NA;NA;NA;NA;NA;NA;NA;NA;NA;NA;NA;NA;NA;NA;NA;NA;NA;NA;NA;NA;NA;NA;NA;NA;NA;NA;NA;NA;NA;NA;NA;NA
Homogyne alpina;Hom.alp;H;NA;NA;NA;NA;NA;NA;NA;1867;NA;NA;NA;NA;NA;1206;NA;NA;2061;2126;NA;NA;1704;NA;NA;1704;NA;2122;NA;2122;2122;NA;2503;NA;2500;2410;NA;2410;2410;NA;NA;NA;NA;2096;2096;1823;1823;1894;NA;1894;NA;NA;1894
Huperzia selago;Hup.sel;C;NA;NA;NA;NA;NA;2152;1867;1867;2452;NA;2297;NA;NA;NA;NA;NA;2061;NA;2126;NA;1704;NA;NA;1704;2122;NA;NA;NA;NA;NA;2503;NA;1990;NA;NA;2410;2251;NA;NA;NA;NA;NA;NA;NA;1823;NA;1894;NA;NA;NA;1894
Hypericum maculatum;Hyp.mac;H;NA;NA;NA;NA;2152;2152;NA;1867;NA;NA;NA;NA;NA;1206;NA;NA;NA;NA;NA;NA;NA;NA;NA;1704;NA;NA;NA;NA;NA;NA;NA;NA;NA;NA;NA;NA;NA;NA;NA;NA;NA;NA;NA;NA;NA;NA;NA;NA;NA;NA;1825
Hypericum tetrapterum;Hyp.tet;H;NA;NA;NA;NA;NA;NA;NA;NA;NA;NA;NA;NA;NA;NA;NA;NA;NA;NA;NA;NA;1704;NA;NA;NA;NA;NA;NA;NA;NA;NA;NA;NA;NA;NA;NA;NA;NA;NA;NA;NA;NA;NA;NA;1823;NA;NA;NA;NA;NA;NA;NA
Hypochoeris uniflora;Hph.uni;H;NA;2210;NA;NA;NA;NA;NA;1867;NA;NA;1887;NA;NA;NA;NA;NA;NA;NA;NA;NA;NA;NA;NA;NA;NA;NA;NA;2122;NA;NA;NA;NA;NA;NA;NA;NA;NA;NA;NA;NA;NA;2096;NA;1823;NA;NA;NA;NA;NA;NA;NA
Jovibarba globifera subsp. globifera;Jov.glo;C;NA;NA;NA;NA;NA;NA;NA;NA;NA;NA;NA;NA;NA;NA;NA;NA;NA;NA;NA;NA;NA;NA;NA;NA;NA;NA;NA;NA;NA;NA;NA;NA;NA;NA;NA;NA;NA;NA;NA;NA;NA;NA;NA;1823;NA;NA;1894;NA;NA;NA;NA
Juncus trifidus;Jun.tri;H;NA;NA;NA;NA;NA;NA;1867;1867;NA;NA;2423;NA;NA;NA;2061;NA;2061;2126;NA;NA;NA;NA;NA;1704;2122;NA;NA;2122;2116;NA;2503;NA;2500;NA;NA;2410;2410;NA;NA;NA;NA;2096;NA;NA;1823;NA;NA;1894;NA;NA;1825
Juniperus communis;Jpr.nan;N;NA;NA;NA;NA;NA;NA;NA;1867;NA;NA;2200;NA;NA;1206;NA;NA;NA;NA;NA;NA;NA;NA;NA;NA;NA;2043;NA;2122;NA;NA;NA;NA;NA;NA;NA;NA;NA;NA;NA;NA;NA;2096;NA;NA;NA;NA;NA;NA;NA;NA;NA
Kernera saxatilis;Ker.sax;C;NA;NA;NA;NA;NA;NA;NA;NA;NA;NA;NA;1206;NA;1206;NA;NA;NA;NA;NA;NA;NA;NA;NA;NA;NA;NA;NA;NA;NA;NA;NA;NA;NA;NA;NA;NA;NA;NA;NA;NA;NA;NA;2096;NA;NA;NA;NA;NA;NA;NA;NA
Knautia kitaibelii                             ;Kna.kit;H;NA;NA;NA;NA;NA;NA;NA;NA;NA;NA;NA;NA;NA;NA;NA;NA;NA;NA;NA;NA;NA;NA;NA;NA;NA;NA;NA;2122;NA;NA;NA;NA;NA;NA;NA;NA;NA;NA;NA;NA;2070;2096;NA;NA;NA;NA;NA;NA;NA;NA;NA
Larix decidua;Lar.dec;M;NA;NA;NA;NA;NA;NA;NA;NA;NA;NA;2012;NA;NA;NA;NA;NA;NA;NA;NA;NA;NA;NA;NA;NA;NA;NA;NA;NA;NA;NA;NA;NA;NA;NA;NA;NA;NA;NA;NA;NA;NA;NA;NA;NA;NA;NA;NA;NA;NA;NA;NA
Laserpitium latifolium;Las.lat;H;NA;NA;NA;NA;NA;NA;NA;NA;NA;NA;NA;NA;NA;NA;NA;NA;NA;NA;NA;NA;NA;NA;NA;NA;NA;NA;NA;NA;NA;NA;NA;NA;NA;NA;NA;NA;NA;NA;NA;NA;NA;NA;NA;1700;NA;NA;NA;NA;NA;NA;NA
Leontodon incanus;Leo.inc;H;NA;NA;NA;NA;NA;NA;NA;NA;NA;NA;NA;1206;NA;1206;NA;NA;NA;NA;NA;NA;NA;NA;NA;NA;NA;NA;NA;NA;NA;NA;NA;NA;NA;NA;NA;NA;NA;NA;NA;NA;NA;NA;NA;NA;NA;NA;NA;NA;NA;NA;NA
Leontodon montanus subsp. pseudotaraxaci;Leo.pse;H;NA;NA;NA;NA;NA;2152;NA;NA;NA;NA;NA;1206;NA;1206;NA;NA;2061;NA;NA;1704;NA;NA;NA;NA;2122;2122;NA;2122;2122;NA;NA;NA;NA;2410;NA;2410;2233;NA;NA;NA;NA;2096;2096;1823;NA;NA;1894;NA;NA;NA;1825
Leontopodium alpinum;Ltp.alp;H;NA;NA;NA;NA;NA;2152;NA;NA;NA;NA;NA;1206;NA;1206;NA;2061;NA;NA;NA;1704;NA;NA;NA;1704;2122;NA;NA;NA;NA;NA;NA;NA;NA;NA;NA;NA;NA;NA;NA;NA;NA;NA;NA;NA;1823;1894;1894;NA;NA;NA;1825
Leucanthemopsis alpina;Lch.alp;H;NA;NA;NA;NA;NA;NA;NA;NA;2452;2452;2452;NA;NA;NA;NA;NA;NA;2126;NA;1704;NA;NA;NA;NA;2122;2046;NA;2122;2122;2503;2503;NA;2500;2410;NA;2410;2410;NA;NA;NA;NA;2096;NA;NA;NA;NA;1894;NA;NA;NA;NA
Leucanthemum vulgare;Lct.vul;H;NA;NA;NA;NA;NA;NA;NA;NA;NA;NA;NA;NA;NA;1206;NA;NA;NA;NA;NA;NA;NA;NA;NA;NA;NA;2122;NA;2122;NA;NA;NA;NA;NA;NA;NA;NA;NA;NA;NA;NA;NA;2096;NA;1823;1823;NA;NA;NA;NA;NA;1894
Leucanthemum waldstenii;Lct.wal;H;NA;NA;NA;NA;NA;NA;NA;NA;NA;NA;NA;NA;NA;NA;NA;NA;2061;NA;NA;NA;NA;NA;NA;NA;NA;NA;NA;NA;NA;NA;NA;NA;NA;NA;NA;NA;NA;NA;NA;NA;NA;NA;NA;NA;1823;NA;NA;NA;NA;NA;NA
Ligusticum mutellina;Lig.mut;H;2210;2210;NA;NA;NA;NA;1867;1867;NA;NA;2415;NA;NA;1206;NA;NA;NA;2126;NA;1704;1704;NA;NA;1704;2122;2122;NA;2122;2122;NA;2503;NA;2155;2410;NA;2410;2410;NA;NA;NA;NA;2096;2096;NA;1823;NA;NA;1894;NA;NA;1825
Ligusticum mutellinoides;Lig.mts;H;NA;NA;2152;NA;NA;2152;NA;NA;2452;NA;2400;NA;NA;NA;NA;NA;2061;NA;2126;NA;NA;NA;NA;NA;2122;2122;NA;2122;2122;NA;2345;NA;2500;NA;NA;2410;2410;NA;NA;NA;NA;2096;2096;NA;NA;NA;NA;NA;NA;NA;NA
Lilium martagon;Lil.mar;G;NA;NA;NA;NA;NA;NA;NA;NA;NA;NA;NA;NA;NA;1206;NA;NA;NA;NA;NA;NA;NA;NA;NA;NA;NA;NA;NA;NA;NA;NA;NA;NA;NA;NA;NA;NA;NA;NA;NA;NA;NA;NA;NA;NA;NA;NA;NA;NA;NA;NA;NA
Linum catharticum;Lin.cat;T;NA;NA;NA;NA;NA;NA;NA;NA;NA;NA;NA;NA;NA;1206;NA;NA;NA;NA;NA;NA;NA;NA;NA;NA;NA;NA;NA;NA;NA;NA;NA;NA;NA;NA;NA;NA;NA;NA;NA;NA;NA;NA;NA;NA;NA;NA;NA;NA;NA;NA;NA
Linum perenne subsp. extraaxillare;Lin.ext;H;NA;NA;NA;NA;2152;2152;1867;NA;NA;NA;NA;NA;NA;NA;NA;NA;2061;NA;NA;NA;NA;NA;NA;1704;2122;NA;NA;NA;NA;NA;NA;NA;NA;NA;NA;NA;NA;NA;NA;NA;NA;NA;NA;NA;1823;NA;NA;NA;NA;NA;NA
Listera ovata;Lis.ova;G;NA;NA;NA;NA;NA;NA;NA;NA;NA;NA;NA;NA;NA;1206;NA;NA;NA;NA;NA;NA;NA;NA;NA;NA;NA;NA;NA;NA;NA;NA;NA;NA;NA;NA;NA;NA;NA;NA;NA;NA;NA;NA;NA;NA;NA;NA;NA;NA;NA;NA;NA
Lloydia serotina;Llo.ser;G;2210;2210;2152;2152;NA;2152;NA;NA;NA;NA;NA;NA;NA;NA;NA;1998;2061;NA;2126;NA;NA;NA;NA;NA;2122;2122;NA;2122;2122;NA;2200;NA;2500;2300;NA;2410;2410;NA;NA;NA;NA;2096;2096;1823;1823;1894;1894;NA;NA;NA;NA
Lotus corniculatus;Lot.cor;H;NA;NA;NA;NA;2020;NA;NA;NA;NA;NA;NA;NA;NA;1206;NA;NA;2061;NA;NA;NA;NA;NA;NA;NA;NA;NA;NA;NA;NA;NA;NA;NA;NA;NA;NA;NA;NA;NA;NA;NA;NA;NA;NA;1700;1823;NA;NA;NA;NA;NA;NA
Luzula alpinopilosa;Luz.spa;H;NA;2210;NA;NA;NA;NA;1867;1867;NA;2452;2452;NA;NA;NA;NA;NA;2061;2126;NA;NA;NA;NA;NA;NA;2122;2122;NA;2122;2116;2503;2503;NA;2500;2410;NA;2410;2410;NA;NA;NA;NA;2096;2096;NA;NA;NA;NA;NA;NA;NA;NA
Luzula luzulina;Luz.luz;H;NA;NA;NA;NA;NA;NA;NA;NA;NA;NA;NA;NA;NA;1206;NA;NA;NA;NA;NA;NA;NA;NA;NA;NA;NA;NA;NA;NA;NA;NA;NA;NA;NA;NA;NA;NA;NA;NA;NA;NA;NA;NA;NA;NA;NA;NA;NA;NA;NA;NA;NA
Luzula luzuloides;Luz.nem;H;NA;NA;NA;NA;NA;NA;NA;NA;NA;NA;NA;NA;NA;NA;NA;1978;2061;NA;NA;NA;1704;NA;NA;1704;NA;NA;NA;2122;NA;NA;NA;NA;1800;NA;NA;NA;NA;NA;NA;NA;NA;2096;NA;1700;1823;NA;NA;NA;NA;NA;1825
Luzula multiflora;Luz.mul;H;NA;NA;NA;NA;NA;NA;NA;NA;NA;NA;NA;NA;NA;NA;NA;NA;NA;NA;NA;NA;NA;NA;NA;1704;NA;NA;NA;NA;NA;NA;NA;NA;NA;NA;NA;NA;NA;NA;2076;NA;NA;NA;NA;NA;NA;NA;NA;NA;NA;NA;NA
Luzula spicata;Luz.spi;H;2210;NA;NA;2152;NA;NA;NA;NA;NA;NA;NA;NA;NA;NA;NA;NA;NA;NA;2126;NA;NA;NA;NA;NA;2122;NA;NA;NA;NA;NA;2503;NA;NA;2410;NA;2410;2410;NA;NA;NA;NA;NA;NA;NA;NA;NA;NA;NA;NA;NA;NA
Luzula sudetica;Luz.sud;H;NA;NA;NA;NA;NA;NA;NA;NA;NA;NA;NA;NA;NA;NA;NA;NA;NA;NA;NA;NA;NA;NA;NA;NA;2122;NA;NA;2122;NA;NA;NA;NA;NA;NA;NA;NA;NA;NA;NA;NA;NA;2096;NA;NA;NA;NA;NA;NA;NA;NA;NA
Luzula sylvatica;Luz.syl;H;NA;NA;NA;NA;NA;NA;NA;1867;NA;NA;NA;1206;NA;1206;NA;NA;NA;NA;NA;NA;NA;NA;NA;NA;NA;NA;NA;NA;NA;NA;NA;NA;NA;NA;NA;NA;NA;NA;NA;NA;NA;NA;NA;1823;NA;NA;NA;NA;NA;NA;NA
Lycopodium annotinum;Lyc.ann;C;NA;NA;NA;NA;NA;NA;1867;NA;NA;NA;NA;NA;NA;NA;NA;NA;NA;NA;NA;NA;NA;NA;NA;NA;NA;NA;NA;NA;NA;NA;NA;NA;NA;NA;NA;NA;NA;NA;NA;NA;NA;NA;2096;NA;NA;NA;NA;NA;NA;NA;NA
Maianthemum bifolium;Mai.bif;G;NA;NA;NA;NA;NA;NA;NA;NA;NA;NA;NA;NA;NA;1206;NA;NA;NA;NA;NA;NA;NA;NA;NA;NA;NA;NA;NA;NA;NA;NA;NA;NA;NA;NA;NA;NA;NA;NA;NA;NA;NA;NA;NA;NA;NA;NA;NA;NA;NA;NA;NA
Melampyrum pratense;Mel.pra;T;NA;NA;NA;NA;NA;NA;NA;1867;NA;NA;NA;NA;NA;1206;NA;NA;NA;NA;NA;NA;NA;NA;NA;NA;NA;NA;NA;NA;NA;NA;NA;NA;NA;NA;NA;NA;NA;NA;NA;NA;NA;NA;NA;NA;NA;NA;NA;NA;NA;NA;NA
Melampyrum sylvaticum;Mel.syl;T;NA;NA;NA;NA;NA;NA;1867;NA;NA;NA;NA;NA;NA;NA;NA;NA;NA;NA;NA;NA;NA;NA;NA;NA;NA;NA;NA;NA;NA;NA;NA;NA;NA;NA;NA;NA;NA;NA;NA;NA;NA;NA;NA;NA;NA;NA;NA;NA;NA;NA;NA
Mercurialis perennis;Mer.per;G;NA;NA;NA;NA;NA;NA;NA;NA;NA;NA;NA;NA;NA;1206;NA;NA;NA;NA;NA;NA;NA;NA;NA;NA;NA;NA;NA;NA;NA;NA;NA;NA;NA;NA;NA;NA;NA;NA;NA;NA;NA;NA;NA;NA;NA;NA;NA;NA;NA;NA;NA
Microstylis monophyllos;Mcr.mon;G;NA;NA;NA;NA;NA;NA;NA;NA;NA;NA;NA;1206;1206;NA;NA;NA;NA;NA;NA;NA;NA;NA;NA;NA;NA;NA;NA;NA;NA;NA;NA;NA;NA;NA;NA;NA;NA;NA;NA;NA;NA;NA;NA;NA;NA;NA;NA;NA;NA;NA;NA
Minuartia laricifolia subsp. kitaibelii;Min.lar;C;NA;NA;NA;NA;NA;NA;NA;NA;NA;NA;NA;1206;NA;NA;NA;NA;NA;NA;NA;NA;NA;NA;NA;NA;NA;NA;NA;NA;NA;NA;NA;NA;NA;NA;NA;NA;NA;NA;NA;NA;NA;NA;NA;NA;NA;NA;1894;NA;NA;NA;NA
Minuartia sedoides;Min.sed;C;NA;NA;2152;NA;NA;2152;1867;NA;NA;NA;2423;1206;NA;NA;NA;NA;2061;NA;2126;NA;NA;1704;NA;1704;2122;2122;NA;NA;2122;NA;2503;NA;2500;2410;NA;2410;2410;NA;NA;NA;NA;NA;2096;NA;1823;NA;1894;1894;NA;NA;1894
Minuartia verna;Min.ver;C;NA;NA;NA;NA;NA;NA;NA;NA;NA;NA;NA;NA;NA;NA;NA;NA;NA;NA;NA;NA;NA;NA;NA;NA;2122;2122;NA;NA;NA;NA;NA;NA;NA;2410;NA;NA;2410;NA;NA;NA;NA;NA;NA;NA;1823;NA;1894;NA;NA;NA;1894
Moehringia muscosa;Moe.mus;H;NA;NA;NA;NA;NA;NA;NA;NA;NA;NA;NA;1206;NA;NA;NA;NA;NA;NA;NA;NA;NA;NA;NA;NA;NA;NA;NA;NA;NA;NA;NA;NA;NA;NA;NA;NA;NA;NA;NA;NA;NA;NA;NA;NA;NA;NA;1894;NA;NA;NA;NA
Moehringia trinervia;Moe.tri;T;NA;NA;NA;NA;NA;NA;NA;1867;NA;NA;NA;NA;NA;NA;NA;NA;NA;NA;NA;NA;NA;NA;NA;NA;NA;NA;NA;NA;NA;NA;NA;NA;NA;NA;NA;NA;NA;NA;NA;NA;NA;NA;NA;NA;NA;NA;NA;NA;NA;NA;NA
Moneses uniflora;Mon.uni;G;NA;NA;NA;NA;NA;NA;1867;1867;NA;NA;NA;NA;NA;NA;NA;NA;NA;NA;NA;NA;NA;NA;NA;NA;NA;NA;NA;NA;NA;NA;NA;NA;NA;NA;NA;NA;NA;NA;NA;NA;NA;NA;NA;1823;NA;NA;1894;NA;NA;NA;NA
Mycelis muralis;Myc.mur;H;NA;NA;NA;NA;NA;NA;NA;1867;NA;NA;NA;NA;NA;1206;NA;NA;NA;NA;NA;NA;NA;NA;NA;NA;NA;NA;NA;NA;NA;NA;NA;NA;NA;NA;NA;NA;NA;NA;NA;NA;NA;NA;NA;NA;NA;NA;NA;NA;NA;NA;NA
Myosotis alpestris;Myo.alp;H;NA;NA;NA;NA;NA;2152;NA;NA;NA;NA;NA;NA;NA;NA;NA;NA;2061;NA;NA;NA;NA;NA;NA;NA;NA;2122;NA;2122;2122;2503;2200;NA;2128;2410;NA;2410;2410;NA;NA;NA;NA;2096;2096;1823;1823;NA;1894;1894;NA;NA;1894
Myosotis sylvatica;Myo.syl;H;NA;NA;NA;NA;NA;NA;NA;NA;NA;NA;NA;NA;NA;NA;NA;NA;NA;NA;NA;NA;1704;NA;NA;1704;NA;NA;NA;NA;NA;NA;NA;NA;NA;NA;NA;NA;NA;NA;NA;NA;NA;NA;NA;NA;NA;NA;NA;NA;NA;NA;NA
Nardus stricta ;Nar.str;H;NA;NA;NA;NA;NA;NA;NA;1867;NA;NA;NA;NA;NA;NA;NA;NA;NA;NA;NA;NA;NA;NA;NA;NA;NA;NA;NA;NA;NA;NA;NA;NA;NA;NA;NA;NA;2218;NA;NA;NA;NA;NA;NA;NA;NA;NA;NA;NA;NA;NA;NA
Omalotheca hoppeana;Oma.hop;H;NA;NA;NA;NA;NA;NA;NA;NA;NA;NA;NA;NA;NA;NA;NA;NA;NA;NA;NA;NA;NA;NA;NA;NA;NA;2122;NA;2122;NA;NA;NA;NA;NA;NA;NA;NA;NA;NA;NA;NA;NA;2096;NA;NA;NA;NA;NA;NA;NA;NA;NA
Omalotheca supina;Oma.sup;H;NA;NA;NA;NA;NA;NA;1867;NA;NA;NA;2433;NA;NA;NA;2061;NA;NA;NA;NA;NA;1704;NA;NA;NA;NA;2122;NA;2122;NA;NA;2503;NA;2500;NA;NA;2410;2410;NA;NA;NA;NA;2096;2096;NA;NA;NA;NA;1894;NA;NA;NA
Omalotheca sylvatica;Oma.syl;H;NA;NA;NA;NA;NA;NA;NA;1867;NA;NA;NA;NA;NA;NA;NA;NA;NA;NA;NA;NA;NA;NA;NA;NA;NA;NA;NA;NA;NA;NA;NA;NA;NA;NA;NA;NA;NA;NA;NA;NA;NA;NA;NA;NA;NA;NA;NA;NA;NA;NA;NA
Oreochloa disticha;Ore.dis;H;2210;2210;2152;2152;NA;2152;1867;1867;2452;2452;2452;NA;NA;NA;2061;NA;2061;NA;2126;NA;NA;NA;NA;NA;2122;2122;NA;2122;2122;2503;2503;NA;2500;2410;NA;2410;2410;NA;NA;NA;NA;2096;2096;1823;NA;1894;NA;NA;NA;NA;NA
Orthilia secunda;Ort.sec;Ch;NA;NA;NA;NA;NA;NA;NA;NA;NA;NA;NA;NA;NA;NA;NA;NA;2061;NA;NA;NA;NA;NA;NA;NA;NA;NA;NA;NA;NA;NA;NA;NA;NA;NA;NA;NA;NA;NA;NA;NA;NA;NA;NA;1823;NA;NA;NA;NA;NA;NA;1825
Oxalis acetosella;Oxa.ace;G;NA;NA;NA;NA;NA;NA;1867;1867;NA;NA;NA;NA;NA;1206;NA;NA;NA;NA;NA;NA;NA;NA;NA;NA;NA;NA;NA;NA;NA;NA;NA;NA;NA;NA;NA;NA;NA;NA;NA;NA;NA;NA;NA;NA;NA;NA;NA;NA;NA;NA;NA
Oxyria digyna;Oxy.dig;H;NA;NA;NA;NA;NA;NA;1867;NA;NA;NA;NA;NA;NA;NA;NA;NA;NA;NA;2126;NA;NA;NA;NA;NA;2122;NA;NA;2122;NA;NA;2345;NA;2335;2410;NA;2410;2410;NA;NA;NA;NA;2096;NA;NA;NA;NA;NA;1894;NA;NA;NA
Oxytropis campestris;Oxt.cam;H;NA;NA;NA;2152;2110;NA;NA;NA;NA;NA;NA;NA;NA;NA;2061;NA;NA;NA;NA;NA;NA;NA;NA;NA;NA;NA;NA;NA;NA;NA;NA;NA;NA;NA;NA;NA;NA;NA;NA;NA;NA;NA;NA;1823;NA;NA;1894;NA;1894;1857;NA
Oxytropis carpatica;Oxt.car;H;NA;NA;NA;NA;NA;NA;NA;NA;NA;NA;NA;NA;NA;NA;NA;NA;2061;NA;NA;NA;NA;NA;NA;NA;NA;NA;NA;NA;NA;NA;NA;NA;NA;NA;NA;NA;NA;NA;NA;NA;NA;NA;NA;1823;1823;1894;1894;NA;NA;NA;1894
Oxytropis halleri;Oxt.hal;H;NA;NA;2152;NA;2110;NA;NA;NA;NA;NA;NA;NA;NA;NA;NA;NA;2061;NA;NA;NA;NA;NA;NA;NA;NA;NA;NA;NA;NA;NA;NA;NA;NA;NA;NA;NA;NA;NA;NA;NA;NA;NA;NA;NA;NA;NA;1894;NA;NA;NA;NA
Oxytropis pilosa;Oxt.pil;H;NA;NA;NA;NA;NA;NA;NA;NA;NA;NA;NA;NA;NA;NA;NA;NA;NA;NA;NA;NA;NA;NA;NA;NA;NA;NA;NA;NA;NA;NA;NA;NA;NA;NA;NA;NA;NA;NA;NA;NA;NA;NA;NA;NA;NA;NA;NA;1894;NA;NA;NA
Papaver burseri;Pap.bur;H;NA;NA;NA;NA;NA;NA;NA;NA;2452;NA;NA;NA;NA;NA;NA;NA;NA;NA;NA;NA;NA;NA;NA;NA;2122;2122;2122;2122;2122;NA;NA;2360;NA;NA;NA;NA;NA;NA;NA;NA;NA;2096;NA;NA;NA;NA;1894;NA;NA;1894;NA
Paris quadrifolia;Par.qua;G;NA;NA;NA;NA;NA;NA;NA;NA;NA;NA;NA;NA;NA;NA;NA;NA;NA;NA;NA;NA;1605;NA;NA;1704;NA;NA;NA;NA;NA;NA;NA;NA;NA;NA;NA;NA;NA;NA;NA;NA;NA;NA;NA;NA;NA;NA;NA;NA;NA;NA;NA
Parnassia palustris;Par.pal;H;NA;NA;NA;NA;2152;2152;NA;NA;NA;NA;NA;NA;NA;NA;NA;NA;2061;NA;NA;NA;1704;NA;NA;1704;NA;2122;NA;2122;NA;NA;NA;NA;NA;NA;2410;NA;NA;NA;NA;NA;NA;2096;2096;1823;1823;1894;NA;NA;NA;NA;1894
Pedicularis hacquetii;Ped.hac;H;NA;NA;NA;NA;NA;NA;NA;NA;NA;NA;NA;NA;NA;NA;2061;NA;2061;NA;NA;NA;NA;NA;NA;NA;NA;NA;NA;NA;NA;NA;NA;NA;NA;NA;NA;NA;NA;NA;NA;NA;NA;NA;NA;NA;NA;NA;1894;NA;NA;NA;NA
Pedicularis oederi;Ped.oed;H;2210;2210;NA;2152;NA;2152;NA;NA;2452;NA;2235;NA;NA;NA;2061;NA;2061;NA;NA;NA;1704;NA;NA;1704;2122;2122;NA;2122;2122;NA;2345;NA;2500;2410;NA;2410;2410;NA;NA;NA;NA;2096;2096;1823;1823;1894;1894;1894;1894;NA;1825
Pedicularis verticillata;Ped.ver;H;2210;NA;NA;NA;NA;2152;NA;NA;NA;NA;2297;1206;NA;1206;2061;NA;2061;NA;2126;NA;NA;NA;NA;1704;2122;NA;NA;NA;2122;NA;NA;NA;2500;NA;NA;NA;2410;NA;NA;NA;NA;NA;2096;NA;1823;NA;1894;NA;NA;NA;1894
Phegopteris connectilis;Phe.con;H;NA;NA;NA;NA;NA;NA;NA;NA;NA;NA;NA;NA;NA;1206;NA;NA;NA;NA;NA;NA;NA;NA;NA;NA;NA;NA;NA;NA;NA;NA;NA;NA;NA;NA;NA;NA;NA;NA;NA;NA;NA;NA;NA;NA;NA;NA;NA;NA;NA;NA;NA
Phleum alpinum subsp. alpinum;Phl.alp;H;2210;NA;NA;NA;NA;NA;1867;1867;NA;NA;NA;NA;NA;NA;2061;NA;NA;NA;NA;NA;1704;NA;NA;NA;NA;2092;NA;2122;2116;NA;2503;NA;1725;2410;NA;NA;NA;NA;NA;NA;NA;2096;NA;NA;NA;NA;NA;NA;NA;NA;NA
Phleum hirsutum;Phl.hir;H;NA;NA;NA;NA;NA;NA;NA;NA;NA;NA;NA;1206;1206;NA;NA;NA;NA;NA;NA;NA;NA;NA;NA;NA;NA;NA;NA;2122;NA;NA;NA;NA;NA;NA;NA;NA;NA;NA;NA;NA;NA;2096;NA;NA;NA;NA;NA;NA;NA;NA;NA
Phyteuma orbiculare;Phy.orb;H;NA;NA;NA;NA;NA;2152;NA;NA;NA;NA;NA;NA;NA;1206;NA;NA;2061;NA;NA;NA;1704;NA;NA;1704;NA;2122;NA;2122;2122;NA;NA;NA;NA;NA;NA;NA;NA;NA;NA;NA;NA;2096;2096;1823;1823;NA;1894;NA;NA;NA;1894
Phyteuma spicatum;Phy.spi;H;NA;NA;NA;NA;NA;NA;NA;NA;NA;NA;NA;NA;NA;1206;NA;NA;NA;NA;NA;NA;NA;NA;NA;NA;NA;NA;NA;NA;NA;NA;NA;NA;NA;NA;NA;NA;NA;NA;NA;NA;NA;NA;NA;NA;NA;NA;NA;NA;NA;NA;NA
Picea abies;Pic.abi;M;NA;NA;NA;NA;NA;NA;NA;1867;NA;NA;2240;NA;NA;1206;NA;NA;NA;NA;NA;NA;NA;NA;NA;1704;NA;NA;NA;NA;NA;NA;NA;NA;NA;NA;NA;NA;NA;NA;NA;NA;NA;NA;NA;NA;1823;NA;NA;NA;NA;NA;1825
Pimpinella major;Pim.maj;H;NA;NA;NA;NA;2020;NA;NA;NA;NA;NA;NA;NA;NA;1206;NA;NA;NA;NA;NA;NA;NA;NA;NA;NA;NA;NA;NA;NA;NA;NA;NA;NA;NA;NA;NA;NA;NA;NA;NA;NA;NA;NA;NA;1823;NA;NA;NA;NA;NA;NA;NA
Pimpinella saxifraga;Pim.sax;H;NA;NA;NA;NA;NA;NA;NA;NA;NA;NA;NA;NA;NA;1206;NA;NA;NA;NA;NA;NA;NA;NA;NA;NA;NA;NA;NA;NA;NA;NA;NA;NA;NA;NA;NA;NA;NA;NA;NA;NA;NA;NA;NA;NA;NA;NA;NA;NA;NA;NA;NA
Pinguicula alpina;Pin.alp;H;NA;NA;NA;NA;NA;2152;NA;NA;NA;NA;NA;1206;NA;1206;NA;NA;NA;NA;NA;NA;1704;NA;NA;1704;2122;NA;NA;2122;NA;NA;NA;NA;NA;NA;NA;NA;NA;NA;NA;NA;NA;2096;2096;NA;1823;NA;NA;NA;NA;NA;1825
Pinus cembra;Pin.cem;M;NA;NA;NA;NA;NA;NA;NA;NA;NA;NA;1880;NA;NA;NA;NA;NA;NA;NA;NA;NA;NA;NA;NA;NA;NA;NA;NA;NA;NA;NA;NA;NA;NA;NA;NA;NA;NA;NA;NA;NA;NA;NA;NA;NA;NA;NA;NA;NA;NA;NA;NA
Pinus mugo;Pin.mug;N;NA;NA;NA;NA;NA;NA;NA;1867;NA;NA;2240;NA;NA;NA;NA;1946;2061;2126;NA;NA;NA;NA;NA;1704;NA;1987;NA;2000;NA;NA;NA;NA;1725;NA;NA;NA;NA;NA;1900;NA;NA;2000;2096;NA;1823;NA;NA;NA;NA;NA;1894
Pinus sylvestris;Pin.syl;M;NA;NA;NA;NA;NA;NA;NA;NA;NA;NA;NA;NA;NA;1206;NA;NA;NA;NA;NA;NA;NA;NA;NA;NA;NA;NA;NA;NA;NA;NA;NA;NA;NA;NA;NA;NA;NA;NA;NA;NA;NA;NA;NA;NA;NA;NA;NA;NA;NA;NA;NA
Plantago atrata;Pln.atr;H;NA;NA;NA;NA;NA;NA;NA;NA;NA;NA;NA;NA;NA;NA;NA;NA;NA;NA;NA;NA;NA;NA;NA;NA;2122;NA;NA;2122;2116;NA;NA;NA;NA;NA;NA;NA;NA;NA;NA;NA;NA;2096;2096;NA;NA;NA;NA;NA;NA;NA;NA
Plantago major;Pln.maj;H;NA;NA;NA;NA;NA;NA;NA;1867;NA;NA;NA;NA;NA;1206;NA;NA;NA;NA;NA;NA;NA;NA;NA;NA;NA;NA;NA;NA;NA;NA;NA;NA;NA;NA;NA;NA;NA;NA;NA;NA;NA;NA;2096;NA;NA;NA;NA;NA;NA;NA;1894
Plantanthera bifolia;Plt.bif;G;NA;NA;NA;NA;NA;NA;NA;NA;NA;NA;NA;NA;NA;NA;NA;NA;NA;NA;NA;NA;NA;NA;NA;NA;NA;NA;NA;NA;NA;NA;NA;NA;NA;NA;NA;NA;NA;NA;NA;NA;NA;NA;NA;NA;1823;NA;NA;NA;NA;NA;NA
Poa alpina;Poa.alp;H;2210;2210;NA;NA;NA;2152;NA;1867;2452;NA;2452;NA;NA;1206;2061;NA;2061;NA;2126;NA;NA;NA;NA;1704;NA;2122;NA;2000;2122;NA;2503;NA;2500;2410;NA;2410;2410;NA;NA;NA;NA;2000;2096;NA;1823;NA;1894;NA;NA;NA;1894
Poa annua;Poa.ann;T;NA;NA;NA;NA;NA;NA;NA;1867;NA;NA;NA;NA;NA;1206;NA;NA;NA;NA;NA;NA;NA;NA;NA;NA;NA;NA;NA;NA;NA;NA;NA;NA;NA;NA;NA;NA;NA;NA;NA;NA;NA;NA;NA;NA;NA;NA;NA;NA;NA;NA;1894
Poa granitica;Poa.gra;H;NA;NA;NA;2152;NA;NA;NA;NA;NA;NA;NA;NA;NA;NA;NA;NA;NA;NA;NA;NA;NA;NA;NA;NA;NA;NA;NA;NA;NA;NA;2345;NA;NA;NA;NA;2410;NA;NA;NA;NA;NA;NA;NA;NA;NA;NA;NA;NA;NA;NA;NA
Poa chaixii;Poa.chai;H;NA;NA;NA;NA;NA;NA;NA;NA;NA;NA;NA;1206;NA;NA;NA;NA;NA;NA;NA;NA;NA;NA;NA;NA;NA;NA;NA;2000;NA;NA;NA;NA;NA;NA;NA;NA;NA;NA;NA;NA;NA;2000;NA;NA;NA;NA;1894;1894;NA;NA;NA
Poa laxa;Poa.lax;H;NA;NA;NA;NA;NA;NA;1867;NA;2452;NA;2452;NA;NA;NA;NA;NA;NA;NA;2126;NA;NA;NA;NA;NA;NA;NA;NA;NA;NA;2503;2503;NA;2500;NA;NA;2410;2410;NA;NA;NA;NA;NA;NA;NA;NA;NA;NA;NA;NA;NA;NA
Poa nemoralis;Poa.nem;H;NA;NA;NA;NA;NA;NA;NA;NA;NA;NA;NA;NA;NA;NA;NA;NA;NA;NA;NA;NA;NA;NA;NA;NA;NA;NA;NA;NA;NA;NA;NA;NA;NA;NA;NA;NA;NA;NA;NA;NA;NA;NA;NA;NA;NA;NA;1894;NA;NA;NA;NA
Polygala amara subsp. brachyptera;Pla.bra;C;NA;NA;NA;NA;2152;2152;NA;NA;NA;NA;NA;NA;NA;1206;NA;NA;2061;NA;NA;NA;NA;NA;NA;1704;NA;NA;NA;NA;2122;NA;NA;NA;NA;NA;NA;NA;NA;NA;NA;NA;NA;NA;NA;NA;NA;NA;NA;NA;NA;NA;NA
Polygala vulgaris;Pla.vul;H;NA;NA;NA;NA;NA;NA;NA;NA;NA;NA;NA;NA;NA;NA;NA;NA;NA;NA;NA;NA;NA;NA;NA;NA;NA;NA;NA;NA;NA;NA;NA;NA;NA;NA;NA;NA;NA;NA;NA;NA;NA;NA;NA;NA;1823;NA;1894;NA;NA;NA;1825
Polygonum bistorta;Pol.bis;H;NA;NA;NA;NA;NA;NA;NA;1867;NA;NA;NA;NA;NA;NA;NA;NA;NA;NA;NA;NA;NA;NA;NA;NA;NA;NA;NA;NA;NA;NA;NA;NA;NA;NA;NA;NA;NA;NA;NA;NA;NA;NA;NA;NA;NA;NA;NA;NA;NA;NA;NA
Polygonum viviparum;Pol.viv;H;NA;NA;NA;NA;NA;2152;NA;NA;2452;NA;2238;NA;NA;1206;NA;NA;2061;2126;2126;NA;1704;1704;NA;1704;NA;2122;NA;2122;2122;NA;2503;2490;2500;2410;NA;2410;2410;NA;NA;NA;NA;2096;NA;1823;1823;1894;1894;1894;NA;NA;1894
Polystichum lonchitis;Pls.lon;H;NA;NA;NA;NA;NA;NA;1867;NA;NA;NA;NA;NA;NA;NA;NA;NA;NA;NA;NA;NA;NA;NA;NA;NA;NA;2022;NA;2122;2122;NA;NA;NA;NA;NA;NA;NA;NA;NA;NA;NA;NA;2096;2096;NA;1823;NA;1894;NA;NA;NA;NA
Potentilla aurea;Pot.aur;H;NA;NA;NA;NA;NA;NA;1867;1867;NA;NA;2145;NA;NA;NA;2061;NA;2061;2126;NA;NA;NA;NA;NA;1704;NA;2118;NA;2122;2122;NA;2503;NA;2500;2410;NA;2410;2251;NA;NA;NA;NA;2096;2096;1823;1823;NA;1894;1894;NA;NA;1825
Potentilla crantzii;Pot.cra;H;NA;NA;NA;NA;NA;2152;NA;NA;NA;NA;NA;NA;NA;NA;NA;NA;2061;NA;NA;NA;NA;NA;NA;NA;NA;2122;NA;2122;2122;NA;NA;NA;NA;2410;NA;2410;2251;NA;NA;NA;NA;2096;2096;1823;1823;NA;NA;NA;NA;NA;1825
Potentilla erecta;Pot.ere;H;NA;NA;NA;NA;NA;NA;NA;NA;NA;NA;NA;NA;NA;1206;NA;NA;NA;NA;NA;NA;NA;NA;NA;NA;NA;NA;NA;NA;NA;NA;NA;NA;NA;NA;NA;NA;NA;NA;NA;NA;NA;NA;NA;NA;NA;NA;NA;NA;NA;NA;NA
Potentilla pusilla;Pot.pus;H;NA;NA;NA;NA;NA;NA;1867;NA;NA;NA;NA;NA;NA;NA;NA;NA;NA;NA;NA;NA;NA;NA;NA;NA;NA;NA;NA;NA;NA;NA;NA;NA;NA;NA;NA;NA;NA;NA;NA;NA;NA;NA;NA;NA;NA;NA;NA;NA;NA;NA;NA
Potentilla tabernaemontani;Pot.tab;H;NA;NA;NA;NA;NA;NA;NA;NA;NA;NA;NA;NA;NA;NA;NA;NA;NA;NA;2126;NA;NA;NA;NA;NA;NA;2122;NA;NA;2107;NA;NA;NA;NA;NA;NA;NA;NA;NA;NA;NA;NA;NA;NA;NA;NA;NA;NA;NA;NA;NA;NA
Prenanthes purpurea;Pre.pur;H;NA;NA;NA;NA;NA;NA;NA;NA;NA;NA;NA;NA;NA;1206;NA;NA;NA;NA;NA;NA;NA;NA;NA;NA;NA;NA;NA;NA;NA;NA;NA;NA;NA;NA;NA;NA;NA;NA;NA;NA;NA;NA;NA;NA;NA;NA;NA;NA;NA;NA;NA
Primula auricula;Pri.aur;H;NA;NA;NA;NA;NA;2152;NA;NA;NA;NA;NA;1206;1206;1206;NA;NA;2061;NA;NA;NA;NA;NA;NA;1704;NA;NA;NA;2122;NA;NA;NA;NA;NA;NA;NA;NA;NA;NA;1900;NA;NA;2096;NA;1823;1823;1894;NA;NA;NA;NA;1825
Primula elatior;Pri.ela;H;NA;NA;NA;NA;NA;NA;NA;NA;NA;NA;NA;NA;NA;1206;NA;NA;2061;NA;NA;NA;1704;NA;NA;NA;2122;2122;NA;2122;2122;NA;2503;NA;NA;NA;NA;NA;NA;NA;NA;NA;NA;2096;2096;NA;1823;NA;1894;NA;NA;NA;NA
Primula minima;Pri.min;H;NA;NA;NA;NA;NA;2152;1867;NA;2452;NA;2452;NA;NA;NA;NA;NA;2061;2126;NA;NA;NA;NA;NA;1704;2122;2122;NA;2122;NA;2503;2503;NA;2500;2410;NA;2410;2410;NA;NA;NA;NA;2096;2096;NA;NA;NA;NA;NA;NA;NA;1825
Pritzelago alpina;Pzl.alp;H;2210;NA;NA;NA;NA;NA;NA;NA;NA;NA;NA;NA;NA;NA;2061;NA;2061;NA;NA;NA;NA;NA;NA;NA;2122;2122;NA;2122;2122;NA;NA;NA;NA;2410;2300;2410;2286;NA;NA;NA;NA;2096;NA;NA;1823;NA;1894;1894;1894;NA;NA
Prunella vulgaris;Pru.vul;H;NA;NA;NA;NA;NA;NA;1867;1867;NA;NA;NA;NA;NA;1206;2061;NA;2061;NA;NA;NA;1605;NA;NA;1704;NA;1997;NA;2122;NA;NA;NA;NA;NA;NA;NA;NA;NA;NA;NA;NA;NA;2096;NA;1823;1823;1859;NA;NA;NA;NA;1825
Pulmonaria obscura;Plm.obs;H;NA;NA;NA;NA;NA;NA;NA;NA;NA;NA;NA;NA;NA;1206;NA;NA;NA;NA;NA;NA;NA;NA;NA;NA;NA;NA;NA;NA;NA;NA;NA;NA;NA;NA;NA;NA;NA;NA;NA;NA;NA;NA;NA;NA;NA;NA;NA;NA;NA;NA;NA
Pulsatilla alba;Pul.alb;H;2210;2210;NA;NA;NA;2152;NA;1867;2452;2452;2360;NA;NA;NA;2061;NA;2061;NA;2126;NA;NA;NA;NA;1704;NA;2122;NA;2122;2122;NA;2503;NA;NA;2410;NA;2410;2410;NA;NA;NA;NA;2096;2096;NA;1823;NA;NA;NA;NA;NA;NA
Pulsatilla vernalis;Pul.ver;H;NA;NA;NA;NA;NA;NA;NA;NA;NA;NA;NA;NA;NA;NA;NA;NA;NA;NA;NA;NA;NA;NA;NA;NA;NA;NA;NA;NA;NA;NA;NA;NA;NA;NA;2170;NA;NA;NA;NA;NA;NA;NA;NA;NA;NA;NA;NA;NA;NA;NA;NA
Pyrola carpatica;Pyr.car;H;NA;NA;NA;NA;NA;2152;NA;NA;NA;NA;NA;NA;NA;NA;NA;NA;2061;NA;NA;NA;NA;NA;NA;NA;NA;NA;NA;NA;NA;NA;NA;NA;NA;NA;NA;NA;NA;NA;NA;NA;NA;NA;NA;NA;NA;NA;NA;NA;NA;NA;NA
Pyrola minor;Pyr.min;H;NA;NA;NA;NA;NA;NA;NA;NA;NA;NA;NA;NA;NA;NA;NA;NA;NA;NA;NA;NA;NA;NA;NA;NA;NA;NA;NA;NA;NA;NA;2503;NA;NA;NA;NA;NA;NA;NA;NA;NA;NA;NA;NA;NA;NA;NA;NA;NA;NA;NA;NA
Pyrola rotundifolia;Pyr.rot;H;NA;NA;NA;NA;NA;NA;NA;NA;NA;NA;NA;NA;NA;NA;NA;NA;NA;NA;NA;NA;NA;NA;NA;NA;NA;NA;NA;NA;NA;NA;NA;NA;NA;NA;NA;NA;NA;NA;NA;NA;NA;NA;2096;NA;NA;NA;NA;NA;NA;NA;NA
Ranunculus acris;Ran.acr;H;NA;NA;NA;NA;NA;NA;NA;1867;NA;NA;NA;NA;NA;1206;NA;NA;NA;NA;NA;NA;NA;NA;NA;NA;NA;NA;NA;NA;NA;NA;NA;NA;NA;NA;NA;NA;NA;NA;NA;NA;NA;NA;NA;NA;NA;NA;NA;NA;NA;NA;NA
Ranunculus alpestris;Ran.alp;H;2210;2210;NA;NA;NA;2152;NA;NA;2452;NA;NA;NA;NA;NA;2061;NA;2061;NA;NA;NA;1704;NA;NA;1704;2122;2122;NA;2122;2122;NA;2503;2480;2190;NA;NA;NA;2410;NA;NA;NA;NA;2096;2096;NA;1823;NA;1894;1894;NA;NA;1825
Ranunculus glacialis;Ran.gla;H;2210;2210;NA;NA;NA;NA;NA;NA;2452;NA;2452;NA;NA;NA;NA;NA;NA;2126;NA;NA;NA;NA;NA;NA;NA;NA;NA;NA;NA;2503;2503;NA;2500;2410;NA;2410;2410;NA;NA;NA;NA;NA;NA;NA;NA;NA;NA;NA;NA;NA;NA
Ranunculus oreophilus;Ran.ore;H;NA;NA;NA;NA;2152;2152;NA;NA;NA;NA;NA;NA;NA;1206;NA;NA;2061;NA;NA;NA;NA;NA;NA;1704;NA;NA;2120;NA;NA;NA;NA;NA;NA;NA;NA;NA;NA;NA;1980;NA;2096;NA;NA;NA;1823;NA;NA;NA;NA;NA;NA
Ranunculus platanifolius;Ran.pla;H;NA;NA;NA;NA;NA;NA;NA;NA;NA;NA;NA;NA;NA;NA;NA;NA;NA;NA;NA;NA;NA;NA;NA;NA;NA;NA;NA;NA;NA;NA;NA;NA;1800;NA;NA;NA;NA;NA;NA;NA;NA;NA;NA;NA;NA;NA;NA;NA;NA;NA;NA
Ranunculus pseudomontanus;Ran.pse;H;2210;2210;NA;NA;NA;NA;NA;NA;2452;NA;2397;NA;NA;NA;NA;NA;NA;NA;2126;NA;1704;NA;NA;NA;NA;NA;NA;2122;2122;2503;2345;NA;2500;2410;NA;2410;2410;NA;NA;NA;NA;2096;2096;1823;NA;1894;NA;1894;NA;NA;1894
Ranunculus repens;Ran.rep;H;NA;NA;NA;NA;NA;NA;NA;1867;NA;NA;NA;NA;NA;NA;NA;NA;NA;NA;NA;NA;NA;NA;NA;NA;NA;NA;NA;NA;NA;NA;NA;NA;NA;NA;NA;NA;NA;NA;NA;NA;NA;NA;NA;NA;NA;NA;NA;NA;NA;NA;NA
Ranunculus thora;Ran.tho;H;NA;NA;2152;2152;2152;2152;1867;NA;NA;NA;NA;NA;NA;NA;2061;2061;2061;NA;NA;NA;NA;NA;NA;1704;NA;NA;NA;2122;2122;NA;NA;NA;NA;NA;NA;NA;NA;NA;NA;NA;NA;2096;NA;NA;1823;NA;1894;NA;1894;NA;NA
Rhodiola rosea;Rho.ros;H;2210;2210;NA;NA;NA;2152;NA;NA;2452;NA;NA;NA;NA;NA;NA;NA;2061;NA;2126;NA;1704;NA;NA;NA;2122;2122;NA;2122;2122;NA;2503;NA;1725;2410;NA;2410;NA;NA;NA;NA;NA;2096;2096;1823;1823;NA;NA;1894;NA;NA;1894
Ribes alpinum;Rib.alp;N;NA;NA;NA;NA;NA;NA;NA;NA;NA;NA;NA;NA;NA;NA;NA;NA;NA;NA;NA;NA;NA;NA;NA;NA;NA;NA;NA;NA;NA;NA;NA;NA;NA;NA;NA;NA;NA;NA;NA;NA;NA;NA;NA;NA;1823;NA;NA;NA;NA;NA;NA
Ribes petraeum;Rib.pet;N;NA;NA;NA;NA;NA;NA;NA;NA;NA;NA;NA;NA;NA;NA;NA;NA;NA;NA;NA;NA;NA;NA;NA;NA;NA;NA;NA;NA;NA;NA;NA;NA;NA;NA;NA;NA;NA;NA;NA;NA;NA;NA;NA;NA;NA;NA;1894;NA;NA;1850;NA
Rosa pendulina;Ros.pen;N;NA;NA;NA;NA;NA;NA;NA;NA;NA;NA;NA;NA;NA;1206;NA;NA;NA;NA;NA;NA;NA;NA;NA;NA;NA;NA;NA;NA;NA;NA;NA;NA;NA;NA;NA;NA;NA;NA;NA;NA;NA;NA;NA;NA;NA;NA;NA;NA;NA;NA;NA
Rubus caesius;Rub.cae;N;NA;NA;NA;NA;NA;NA;NA;NA;NA;NA;1887;NA;NA;1206;NA;NA;NA;NA;NA;NA;NA;NA;NA;NA;NA;NA;NA;NA;NA;NA;NA;NA;NA;NA;NA;NA;NA;NA;NA;NA;NA;NA;NA;NA;NA;NA;NA;NA;NA;NA;NA
Rubus idaeus;Rub.ida;N;NA;NA;NA;NA;NA;NA;NA;1867;NA;NA;NA;NA;NA;1206;NA;NA;NA;NA;NA;NA;NA;NA;NA;NA;NA;NA;NA;NA;NA;NA;NA;NA;NA;NA;NA;NA;NA;NA;NA;NA;NA;NA;NA;NA;NA;NA;NA;NA;NA;NA;1894
Rumex acetosa;Rum.ace;H;NA;NA;NA;NA;NA;NA;NA;1867;NA;NA;NA;NA;NA;NA;NA;NA;NA;NA;NA;NA;NA;NA;NA;NA;NA;NA;NA;NA;NA;NA;NA;NA;NA;NA;NA;NA;NA;NA;NA;NA;NA;NA;NA;NA;NA;NA;NA;NA;NA;NA;NA
Rumex alpestris;Rum.ari;H;NA;NA;NA;NA;NA;NA;NA;1867;NA;NA;NA;NA;NA;NA;NA;NA;NA;NA;NA;NA;NA;NA;NA;NA;NA;NA;NA;NA;2122;NA;NA;NA;NA;NA;NA;NA;NA;NA;NA;NA;NA;NA;NA;NA;NA;NA;NA;NA;NA;NA;NA
Rumex alpinus;Rum.alp;H;NA;NA;NA;NA;NA;NA;NA;NA;NA;NA;NA;NA;NA;NA;NA;NA;NA;NA;NA;NA;NA;NA;NA;NA;NA;2122;NA;2122;NA;NA;2503;NA;1740;NA;NA;NA;NA;NA;NA;NA;NA;2096;2096;NA;NA;NA;NA;1894;NA;NA;NA
Sagina procumbens;Sag.pro;T;NA;NA;NA;NA;NA;NA;1867;NA;NA;NA;NA;NA;NA;NA;NA;NA;NA;NA;NA;NA;NA;NA;NA;NA;NA;NA;NA;NA;NA;NA;NA;NA;NA;NA;NA;NA;NA;NA;NA;NA;NA;NA;NA;NA;NA;NA;NA;NA;NA;NA;NA
Sagina saginoides;Sag.sag;C;NA;NA;NA;NA;NA;NA;NA;NA;NA;NA;NA;NA;NA;NA;NA;NA;NA;NA;NA;NA;NA;NA;NA;NA;NA;NA;NA;2122;NA;NA;NA;NA;NA;NA;NA;NA;NA;NA;NA;NA;NA;2096;2096;NA;NA;NA;1894;NA;NA;NA;NA
Salix alpina;Sal.alp;Ch;NA;NA;NA;2152;2150;2152;NA;NA;NA;NA;2283;NA;NA;NA;2061;NA;2061;NA;NA;NA;NA;1704;NA;1704;2122;NA;NA;2122;2122;NA;NA;NA;NA;NA;NA;NA;NA;NA;NA;NA;NA;2096;NA;NA;NA;NA;1894;1894;1894;NA;1894
Salix herbacea;Sal.her;Ch;2210;2210;2152;NA;NA;NA;NA;NA;2452;NA;2423;NA;NA;NA;NA;NA;NA;NA;2126;NA;NA;NA;NA;NA;2122;NA;NA;2122;NA;NA;2345;NA;2500;2410;NA;2410;2410;NA;NA;NA;NA;2096;NA;NA;NA;NA;1894;NA;NA;NA;1894
Salix myrsinifolia;Sal.nig;N;NA;NA;NA;NA;NA;NA;NA;NA;NA;NA;NA;NA;NA;NA;NA;NA;NA;NA;NA;NA;NA;NA;NA;NA;NA;2122;NA;NA;NA;NA;NA;NA;NA;NA;NA;NA;NA;NA;NA;NA;NA;NA;NA;1823;NA;1894;NA;NA;NA;NA;NA
Salix reticulata;Sal.ret;Ch;NA;NA;NA;2152;NA;NA;1867;NA;NA;NA;NA;NA;NA;NA;2061;NA;2061;NA;NA;NA;NA;1704;1704;1704;2122;2122;NA;2122;2122;NA;NA;NA;NA;2410;2330;2410;2251;NA;NA;NA;NA;2096;2096;1823;1823;1894;1894;1894;1894;NA;1894
Salix retusa;Sal.rts;Ch;2210;2210;NA;NA;2152;2152;1867;NA;2452;NA;2240;NA;NA;NA;2061;NA;NA;NA;2126;1704;NA;NA;1704;NA;2122;2122;NA;2122;2122;NA;2503;NA;2500;NA;2290;NA;2233;NA;NA;NA;NA;2096;2096;NA;1823;NA;1894;1894;1894;NA;NA
Salix silesiaca;Sal.sil;N;NA;NA;NA;NA;NA;2152;1867;1867;NA;NA;1887;NA;NA;1206;NA;NA;NA;NA;NA;NA;1704;NA;NA;1704;NA;NA;NA;NA;NA;NA;NA;NA;1623;NA;NA;NA;NA;NA;NA;NA;NA;NA;NA;NA;1823;NA;NA;NA;NA;NA;1894
Saussurea alpina;Sau.alp;C;NA;NA;NA;NA;NA;NA;NA;NA;NA;NA;NA;NA;NA;NA;NA;NA;NA;NA;NA;NA;NA;NA;NA;NA;2122;NA;NA;2122;NA;NA;NA;NA;NA;NA;NA;NA;NA;NA;NA;NA;NA;2096;NA;NA;1823;NA;1894;1894;NA;NA;NA
Saussurea pygmaea;Sau.pyg;H;NA;2210;NA;NA;NA;NA;NA;NA;NA;NA;NA;NA;NA;NA;NA;NA;NA;NA;NA;NA;NA;NA;NA;NA;NA;NA;NA;NA;NA;NA;NA;NA;NA;NA;NA;NA;NA;NA;NA;NA;NA;NA;NA;NA;NA;NA;NA;NA;NA;NA;NA
Saxifraga adscendens;Sax.ads;T;2210;NA;NA;NA;NA;NA;NA;NA;2452;NA;NA;NA;NA;NA;2061;NA;NA;NA;NA;NA;NA;NA;NA;NA;2122;NA;NA;NA;NA;NA;NA;NA;NA;NA;NA;NA;NA;2096;NA;NA;NA;NA;NA;1823;NA;NA;1894;NA;NA;NA;1894
Saxifraga aizoides;Sax.azd;C;2210;NA;NA;NA;NA;2152;NA;NA;NA;NA;NA;NA;NA;NA;NA;NA;NA;NA;NA;1704;NA;NA;NA;1704;2122;2122;NA;2122;2122;NA;NA;NA;NA;NA;2410;NA;NA;NA;NA;NA;NA;2096;2096;1823;1823;NA;1894;NA;NA;NA;1894
Saxifraga androsacea;Sax.and;C;2210;NA;NA;NA;NA;NA;NA;NA;NA;NA;2360;NA;NA;NA;NA;NA;NA;NA;NA;NA;NA;1704;NA;NA;2122;2122;NA;2122;NA;NA;2200;NA;2500;2410;NA;2410;2410;NA;NA;NA;NA;2096;NA;1823;NA;NA;1894;1894;1894;NA;NA
Saxifraga bryoides;Sax.bry;C;2210;2210;NA;NA;NA;NA;1867;NA;NA;NA;NA;NA;NA;NA;NA;NA;NA;2126;NA;NA;NA;NA;NA;NA;NA;NA;NA;NA;NA;2503;2503;NA;2500;2410;NA;2410;2410;NA;NA;NA;NA;NA;NA;NA;NA;NA;1894;NA;NA;NA;1894
Saxifraga caesia;Sax.cae;C;2210;NA;NA;NA;2152;2152;NA;NA;NA;NA;NA;NA;NA;NA;2061;NA;2061;NA;NA;1704;NA;1704;1704;1704;NA;2122;NA;2122;NA;NA;NA;NA;NA;NA;NA;NA;NA;NA;NA;NA;NA;2096;NA;1823;NA;NA;1894;1894;NA;NA;1894
Saxifraga carpatica;Sax.car;C;2210;NA;NA;NA;NA;NA;NA;NA;2452;NA;2452;NA;NA;NA;NA;NA;NA;NA;NA;NA;NA;NA;NA;NA;2122;NA;NA;NA;NA;2503;2503;NA;2500;2410;NA;2410;2410;NA;NA;NA;NA;NA;NA;NA;NA;NA;1894;NA;NA;NA;NA
Saxifraga cernua;Sax.cer;H;NA;NA;NA;NA;NA;NA;NA;NA;NA;NA;NA;NA;NA;NA;NA;NA;NA;NA;NA;NA;NA;NA;NA;NA;2122;NA;NA;NA;NA;NA;NA;NA;NA;NA;NA;NA;NA;NA;NA;NA;NA;NA;NA;NA;NA;NA;1894;NA;NA;NA;NA
Saxifraga exarata subsp. moschata;Sax.mos;C;2210;2210;NA;NA;2152;2152;1867;NA;2452;NA;NA;NA;NA;NA;NA;NA;2061;2126;NA;NA;NA;1704;NA;NA;2122;2122;NA;2122;2122;2503;2503;NA;2500;2410;NA;2410;2410;NA;NA;NA;NA;2096;2096;1823;1823;NA;1894;1894;NA;NA;1894
Saxifraga hieracifolia;Sax.hie;H;2210;2210;NA;NA;NA;NA;1867;NA;NA;NA;NA;NA;NA;NA;2061;NA;NA;NA;NA;NA;NA;NA;NA;NA;2122;2122;NA;2122;NA;NA;NA;2499;2190;2410;NA;2410;2410;NA;NA;NA;NA;2096;NA;NA;NA;NA;1894;1894;NA;NA;NA
Saxifraga oppositifolia;Sax.opp;C;NA;NA;2152;NA;NA;2152;NA;NA;NA;NA;NA;NA;NA;NA;2061;1998;2061;NA;2126;NA;1704;NA;NA;NA;NA;2122;NA;2122;2122;NA;2400;NA;2500;2410;NA;2410;2410;NA;NA;NA;NA;2096;2096;1823;1823;NA;1894;NA;1894;NA;1894
Saxifraga paniculata;Sax.aiz;C;2210;NA;2152;NA;NA;NA;NA;NA;2452;NA;NA;1206;NA;1206;NA;NA;2061;NA;2126;NA;NA;NA;NA;1704;NA;2094;NA;2122;2112;NA;NA;NA;NA;NA;NA;NA;NA;NA;NA;NA;NA;2096;2096;1823;1823;NA;1894;1894;NA;NA;1894
Saxifraga retusa;Sax.ret;C;NA;NA;NA;NA;NA;NA;NA;NA;2452;NA;NA;NA;NA;NA;NA;NA;NA;NA;2126;NA;NA;NA;NA;NA;NA;NA;NA;NA;NA;NA;NA;NA;2500;2410;NA;2410;2410;NA;NA;NA;NA;NA;NA;NA;NA;NA;NA;NA;NA;NA;NA
Saxifraga rosacea;Sax.ros;C;NA;NA;NA;NA;NA;NA;NA;NA;NA;NA;NA;NA;NA;NA;NA;NA;NA;NA;NA;NA;NA;NA;NA;NA;NA;NA;NA;NA;NA;NA;NA;NA;NA;NA;NA;NA;NA;NA;NA;NA;NA;NA;NA;NA;NA;NA;NA;1894;NA;NA;NA
Saxifraga wahlenbergii;Sax.wah;C;NA;NA;NA;NA;NA;NA;NA;NA;2452;NA;NA;NA;NA;NA;2061;NA;2061;NA;NA;1704;1704;NA;1704;NA;2122;2122;NA;2122;2122;NA;2273;NA;2500;NA;NA;2410;2410;NA;NA;NA;NA;2096;2096;1823;NA;NA;NA;NA;NA;NA;NA
Scabiosa lucida;Sca.luc;H;NA;NA;NA;NA;NA;2152;1867;NA;NA;NA;NA;1206;NA;1206;NA;NA;2061;NA;NA;NA;NA;NA;NA;1704;NA;NA;NA;2122;NA;NA;NA;NA;NA;NA;NA;NA;NA;NA;NA;NA;NA;2096;NA;1823;1823;1894;NA;NA;NA;NA;1894
Scrophularia scopolii;Scr.sco;H;NA;NA;NA;NA;NA;NA;1867;NA;NA;NA;NA;NA;NA;NA;NA;NA;NA;NA;NA;NA;NA;NA;NA;NA;NA;NA;NA;NA;NA;NA;NA;NA;NA;NA;NA;NA;NA;NA;NA;NA;NA;NA;NA;1700;NA;NA;NA;NA;NA;NA;NA
Sedum alpestre;Sed.alp;C;NA;NA;NA;NA;NA;NA;NA;NA;2452;NA;2452;NA;NA;NA;NA;NA;NA;2126;NA;NA;NA;NA;NA;NA;NA;2122;NA;2122;NA;NA;2345;NA;2500;NA;NA;2410;2410;NA;NA;NA;NA;2096;NA;NA;NA;NA;1894;NA;NA;NA;1894
Sedum atratum;Sed.atr;T;NA;NA;NA;NA;2152;2152;1867;1867;NA;NA;NA;NA;NA;NA;2061;NA;2061;NA;NA;1704;1704;1704;NA;NA;2122;2118;NA;2122;2122;NA;NA;NA;NA;NA;NA;NA;NA;NA;2096;NA;NA;2096;2096;1823;NA;1894;1894;1894;NA;NA;1894
Sedum telephium subsp. fabaria;Sed.fab;G;NA;NA;NA;NA;NA;NA;NA;NA;NA;NA;NA;NA;NA;NA;NA;NA;NA;NA;NA;NA;NA;NA;NA;NA;NA;NA;NA;NA;NA;NA;NA;NA;NA;NA;NA;NA;NA;NA;NA;NA;NA;NA;NA;1700;NA;NA;1894;NA;NA;NA;NA
Selaginella selaginoides;Sel.sel;C;NA;NA;NA;2152;2152;NA;NA;NA;NA;NA;NA;1206;1206;NA;NA;NA;NA;NA;NA;NA;1704;NA;NA;1704;NA;2122;NA;2122;2122;NA;NA;NA;NA;NA;NA;NA;NA;NA;2096;NA;NA;2096;2096;NA;1823;NA;1894;NA;NA;NA;1894
Sempervivum montanum;Sem.mon;C;2210;2210;NA;NA;NA;2152;1867;NA;NA;NA;2397;NA;NA;1206;2061;NA;2061;NA;NA;NA;NA;NA;NA;NA;2122;2113;NA;2122;NA;NA;NA;NA;NA;2410;NA;NA;NA;NA;NA;NA;NA;2096;NA;NA;NA;NA;NA;NA;NA;NA;NA
Senecio abrotanifolius subsp. carpathicus;Sen.car;H;2210;2210;NA;NA;NA;NA;NA;NA;NA;NA;NA;NA;NA;NA;NA;NA;NA;NA;2126;NA;NA;NA;NA;NA;NA;NA;NA;NA;NA;NA;NA;NA;NA;NA;NA;NA;NA;NA;NA;NA;NA;NA;NA;NA;NA;NA;NA;NA;NA;NA;NA
Senecio incanus subsp. carniolicus;Sen.crn;H;NA;NA;NA;NA;NA;NA;NA;NA;NA;NA;2420;NA;NA;NA;NA;NA;NA;NA;NA;NA;NA;NA;NA;NA;2122;2122;NA;NA;NA;2503;2503;NA;2500;NA;NA;2410;2410;NA;2092;NA;NA;NA;NA;NA;NA;NA;NA;NA;NA;NA;NA
Senecio integrifolius subsp. capitatus;Sen.cap;H;NA;NA;NA;NA;NA;2152;NA;NA;NA;2452;2420;NA;NA;NA;2061;NA;2061;NA;NA;NA;NA;NA;NA;NA;2122;NA;NA;2122;2116;NA;NA;NA;NA;NA;NA;NA;NA;NA;NA;NA;NA;2096;NA;1823;1823;1894;1894;1894;NA;NA;1825
Senecio nemorensis;Sen.nem;H;NA;NA;NA;NA;NA;NA;NA;1867;NA;NA;NA;NA;NA;1206;NA;NA;NA;NA;NA;NA;NA;NA;NA;NA;NA;NA;NA;NA;NA;NA;NA;NA;1740;NA;NA;NA;NA;NA;NA;NA;NA;NA;NA;NA;1823;NA;NA;NA;NA;NA;NA
Senecio rivularis;Sen.riv;H;NA;NA;NA;NA;NA;NA;NA;NA;NA;NA;NA;NA;NA;NA;NA;1978;NA;NA;NA;NA;NA;NA;NA;NA;NA;NA;NA;NA;NA;NA;NA;NA;NA;NA;NA;NA;NA;NA;NA;NA;NA;NA;NA;NA;NA;NA;NA;NA;NA;NA;NA
Senecio subalpinus;Sen.sub;H;NA;NA;NA;NA;NA;NA;NA;1867;NA;NA;NA;1206;NA;1206;NA;NA;NA;NA;NA;NA;NA;NA;NA;NA;NA;NA;NA;NA;NA;NA;NA;NA;NA;NA;NA;NA;NA;NA;NA;NA;NA;NA;2096;NA;1823;NA;NA;NA;NA;NA;NA
Seseli libanotis;Ssl.lib;H;NA;NA;NA;NA;NA;NA;NA;NA;NA;NA;NA;NA;NA;1206;NA;NA;NA;NA;NA;NA;NA;NA;NA;NA;NA;NA;NA;NA;NA;NA;NA;NA;NA;NA;NA;NA;NA;NA;NA;NA;NA;NA;NA;NA;NA;NA;NA;NA;NA;NA;NA
Sesleria bielzii;Ses.bie;H;NA;NA;NA;NA;NA;2152;NA;NA;NA;NA;NA;NA;NA;NA;NA;NA;NA;NA;NA;NA;NA;NA;NA;NA;NA;NA;NA;2122;2122;NA;NA;NA;NA;NA;NA;NA;NA;NA;NA;NA;NA;2096;2096;NA;NA;NA;NA;NA;NA;NA;NA
Sesleria sadlerana subsp. tatrae;Ses.sad;H;NA;NA;NA;NA;NA;NA;NA;NA;NA;NA;NA;NA;NA;NA;NA;NA;NA;NA;NA;NA;NA;NA;NA;NA;NA;NA;NA;NA;NA;NA;NA;NA;NA;NA;NA;NA;NA;NA;NA;NA;NA;NA;NA;NA;1823;NA;NA;NA;NA;NA;1894
Sesleria varia;Ses.var;H;NA;NA;NA;NA;NA;NA;NA;NA;NA;NA;NA;1206;NA;1206;NA;NA;2061;NA;NA;NA;1704;NA;NA;1704;2122;2122;NA;NA;2122;NA;NA;NA;NA;NA;NA;NA;NA;NA;NA;NA;NA;NA;NA;NA;NA;NA;1894;NA;NA;NA;NA
Sibbaldia procumbens;Sib.pro;H;NA;NA;NA;NA;NA;NA;NA;NA;NA;NA;NA;NA;NA;NA;NA;NA;NA;NA;NA;NA;NA;NA;NA;NA;NA;NA;2100;NA;NA;NA;NA;NA;NA;NA;NA;NA;NA;NA;NA;2089;2096;NA;NA;NA;NA;NA;NA;NA;NA;NA;NA
Silene acaulis;Sil.aca;C;2210;2210;NA;NA;2150;2152;NA;NA;2452;NA;2440;NA;NA;NA;NA;NA;2061;2126;NA;NA;1704;1704;NA;1704;NA;2122;NA;2122;2122;2503;2300;NA;2500;2410;2410;2410;2410;NA;NA;NA;NA;2096;2096;1823;1823;1894;1894;1894;NA;NA;1894
Silene dioica;Sil.dio;H;NA;NA;NA;NA;NA;NA;NA;NA;NA;NA;NA;NA;NA;NA;NA;NA;NA;NA;NA;NA;NA;NA;NA;NA;NA;2079;2079;2122;NA;NA;2503;NA;NA;NA;NA;NA;NA;NA;NA;NA;NA;2096;NA;NA;NA;NA;NA;NA;NA;NA;NA
Silene nutans;Sil.nut;H;NA;NA;NA;2152;NA;NA;NA;NA;NA;NA;NA;NA;NA;NA;NA;NA;NA;NA;NA;NA;NA;NA;NA;NA;NA;NA;NA;NA;NA;NA;NA;NA;NA;NA;NA;NA;NA;NA;NA;NA;NA;NA;NA;NA;NA;NA;NA;NA;NA;NA;NA
Silene pusilla;Sil.pus;C;NA;NA;NA;NA;NA;NA;NA;NA;NA;NA;NA;NA;NA;NA;NA;NA;NA;NA;NA;NA;NA;NA;NA;NA;2122;NA;NA;NA;NA;NA;NA;NA;NA;NA;NA;NA;NA;NA;NA;NA;NA;NA;NA;NA;1823;NA;NA;1894;NA;NA;NA
Silene vulgaris;Sil.vul;C;NA;NA;NA;NA;NA;NA;NA;NA;NA;NA;NA;NA;NA;NA;2061;NA;NA;NA;NA;NA;NA;NA;NA;NA;NA;NA;NA;NA;NA;NA;NA;NA;NA;NA;NA;NA;NA;NA;NA;1950;NA;NA;NA;NA;NA;NA;NA;NA;NA;NA;NA
Soldanella carpatica;Sol.car;H;2210;2210;NA;NA;NA;2152;1867;1867;2452;NA;NA;NA;NA;1206;2061;NA;2061;NA;NA;NA;1704;NA;NA;1704;NA;2122;NA;2122;2116;NA;NA;NA;2053;NA;NA;2410;2410;NA;NA;NA;NA;2096;2096;1823;1823;1894;NA;1894;NA;NA;1894
Solidago virgaurea;Sld.vir;H;NA;NA;NA;NA;NA;2152;NA;NA;NA;NA;NA;NA;NA;NA;NA;NA;NA;NA;NA;NA;NA;NA;NA;NA;NA;NA;NA;NA;NA;NA;NA;NA;NA;NA;NA;NA;NA;NA;NA;NA;NA;NA;NA;NA;NA;NA;NA;NA;NA;NA;NA
Solidago virgaurea subsp. minuta;Sld.alp;H;NA;2210;NA;NA;NA;NA;1867;1867;2452;NA;2143;1206;NA;1206;2061;NA;2061;NA;NA;NA;1704;NA;NA;1704;NA;2022;NA;2122;NA;NA;2503;NA;1765;2410;NA;NA;2188;NA;NA;NA;NA;2096;NA;1823;1823;NA;NA;1894;NA;NA;1825
Sorbus aria;Sor.ari;M;NA;NA;NA;NA;NA;NA;NA;NA;NA;NA;NA;1206;1206;1206;NA;NA;NA;NA;NA;NA;NA;NA;NA;NA;NA;NA;NA;NA;NA;NA;NA;NA;NA;NA;NA;NA;NA;NA;NA;NA;NA;NA;NA;NA;NA;NA;NA;NA;NA;NA;NA
Sorbus aucuparia subsp. glabrata;Sor.gla;M;NA;NA;NA;NA;NA;NA;1867;1867;NA;NA;NA;NA;NA;1206;NA;NA;NA;NA;NA;NA;NA;NA;NA;NA;2122;NA;NA;NA;NA;NA;NA;NA;NA;NA;NA;NA;NA;NA;NA;NA;NA;NA;NA;NA;1823;NA;NA;NA;NA;NA;NA
Stellaria nemorum;Ste.nem;H;NA;NA;NA;NA;NA;NA;NA;1867;NA;NA;NA;NA;NA;NA;NA;NA;NA;NA;NA;NA;NA;NA;NA;NA;NA;NA;2110;NA;2116;NA;2503;NA;1740;NA;NA;NA;NA;NA;NA;NA;NA;NA;2096;NA;NA;NA;NA;NA;NA;NA;NA
Swertia perennis;Swe.per;H;NA;NA;NA;NA;NA;NA;NA;NA;2452;NA;NA;NA;NA;NA;NA;NA;2061;NA;NA;NA;NA;NA;NA;1704;2122;2122;NA;2122;2122;NA;NA;NA;NA;2410;NA;NA;NA;NA;NA;NA;NA;2096;2096;1823;1823;1894;NA;NA;NA;NA;1894
Taraxacum officinale;Tar.off;H;NA;NA;NA;NA;NA;NA;NA;1867;NA;NA;NA;NA;NA;1206;NA;NA;NA;NA;NA;NA;1704;NA;NA;1704;NA;NA;NA;NA;NA;NA;NA;NA;NA;NA;NA;NA;NA;NA;NA;NA;NA;NA;NA;NA;NA;NA;NA;NA;NA;NA;1894
Taraxacum Sect. Alpina;Tar.alp;H;NA;NA;NA;NA;NA;2152;NA;NA;NA;NA;NA;NA;NA;NA;NA;NA;2061;NA;NA;NA;NA;NA;NA;NA;NA;NA;NA;2122;2122;NA;NA;NA;2500;NA;NA;2410;2410;NA;NA;NA;NA;2096;2096;NA;1823;NA;NA;NA;NA;NA;NA
Taraxacum Sect. Erythrosperma;Tar.ery;H;NA;NA;NA;NA;NA;NA;NA;NA;2452;NA;NA;NA;NA;NA;NA;NA;NA;NA;NA;NA;NA;NA;NA;NA;NA;2122;NA;NA;NA;NA;2503;NA;NA;2410;NA;NA;NA;NA;NA;NA;NA;NA;NA;NA;NA;NA;NA;NA;NA;NA;NA
Thalictrum aquilegiifolium;Tha.aqu;H;NA;NA;NA;NA;NA;NA;NA;NA;NA;NA;NA;NA;NA;1206;NA;NA;NA;NA;NA;NA;NA;NA;NA;NA;NA;NA;NA;NA;NA;NA;NA;NA;NA;NA;NA;NA;NA;NA;NA;NA;NA;NA;NA;NA;NA;NA;NA;NA;NA;NA;NA
Thalictrum minus;Tha.min;H;NA;NA;NA;NA;2020;NA;NA;NA;NA;NA;NA;NA;NA;NA;NA;NA;NA;NA;NA;NA;NA;NA;NA;NA;2122;NA;NA;NA;NA;NA;NA;NA;NA;NA;NA;NA;NA;NA;NA;1950;NA;NA;NA;NA;NA;NA;NA;NA;NA;NA;NA
Thesium alpinum;The.alp;H;NA;NA;NA;NA;NA;NA;NA;NA;NA;2452;NA;1206;NA;1206;2061;NA;2061;NA;NA;NA;NA;NA;NA;NA;NA;NA;NA;NA;NA;NA;NA;NA;NA;NA;NA;NA;NA;NA;NA;NA;NA;NA;NA;1823;1823;1858;1894;NA;NA;NA;1825
Thymus alpestris;Thy.alp;C;NA;NA;NA;NA;NA;NA;NA;NA;NA;NA;NA;NA;NA;NA;NA;NA;NA;NA;NA;NA;NA;NA;NA;NA;NA;NA;NA;NA;NA;NA;NA;NA;NA;NA;NA;2410;2410;NA;NA;NA;NA;NA;NA;NA;1823;NA;NA;1894;NA;NA;NA
Thymus pulcherrimus;Thy.pul;C;NA;NA;NA;NA;NA;2152;1867;NA;NA;NA;NA;NA;NA;NA;NA;NA;2061;NA;NA;NA;NA;NA;NA;1704;NA;NA;NA;NA;2122;NA;NA;NA;NA;NA;NA;NA;NA;NA;NA;NA;NA;NA;2096;NA;NA;NA;NA;NA;NA;NA;1894
Thymus pulegioides;Thy.plg;C;NA;NA;NA;NA;NA;NA;NA;NA;NA;NA;NA;NA;NA;1206;NA;NA;NA;NA;NA;NA;1704;NA;NA;NA;NA;2122;NA;2122;NA;NA;NA;NA;NA;NA;NA;NA;NA;NA;NA;NA;NA;2096;NA;1823;NA;1894;NA;NA;NA;NA;1894
Tofieldia calyculata;Tof.cal;H;NA;NA;NA;NA;NA;NA;NA;NA;NA;NA;NA;NA;NA;1206;NA;NA;NA;NA;NA;NA;1704;NA;NA;1704;NA;NA;NA;NA;NA;NA;NA;NA;NA;NA;NA;NA;NA;NA;NA;NA;NA;NA;NA;NA;1823;NA;1894;1894;NA;NA;1894
Traunsteinera globosa;Tra.glo;G;NA;NA;NA;NA;NA;NA;NA;NA;NA;NA;NA;NA;NA;NA;NA;NA;NA;NA;NA;NA;NA;NA;NA;NA;NA;NA;NA;NA;NA;NA;NA;NA;NA;NA;NA;NA;NA;NA;NA;NA;NA;NA;NA;NA;1823;NA;NA;NA;NA;NA;1825
Trifolium badium;Tri.bad;H;NA;NA;NA;NA;NA;NA;NA;NA;NA;NA;NA;NA;NA;NA;NA;1978;NA;NA;NA;NA;NA;NA;NA;1704;2122;NA;NA;2122;NA;NA;NA;NA;NA;NA;NA;NA;NA;NA;NA;NA;NA;NA;NA;NA;NA;NA;NA;NA;NA;NA;1825
Trifolium pratense ;Tri.pra;H;NA;NA;NA;NA;NA;NA;NA;NA;NA;NA;NA;NA;NA;1206;NA;NA;NA;NA;NA;NA;NA;NA;NA;NA;NA;NA;NA;NA;NA;NA;NA;NA;NA;NA;NA;NA;NA;NA;NA;2060;NA;NA;NA;NA;1823;NA;NA;NA;NA;NA;NA
Trifolium repens;Tri.rep;C;NA;NA;NA;NA;2000;NA;NA;NA;NA;NA;NA;NA;NA;1206;NA;1978;2061;NA;NA;NA;1704;NA;NA;1704;NA;NA;NA;NA;NA;NA;NA;NA;NA;NA;NA;NA;NA;NA;NA;NA;NA;NA;NA;NA;NA;NA;NA;NA;NA;NA;NA
Trisetum alpestre;Tri.alp;H;NA;NA;NA;2152;NA;2152;NA;NA;NA;NA;NA;1206;1206;1206;NA;NA;NA;NA;NA;NA;NA;NA;NA;NA;NA;NA;NA;NA;NA;NA;NA;NA;NA;NA;NA;NA;NA;NA;NA;NA;NA;NA;NA;NA;NA;NA;NA;NA;NA;NA;NA
Trisetum fuscum;Tri.fus;H;NA;NA;NA;2152;NA;NA;NA;NA;NA;NA;NA;NA;NA;NA;2061;NA;NA;NA;NA;1704;NA;NA;NA;NA;NA;NA;NA;NA;NA;NA;2503;NA;NA;NA;NA;2410;NA;NA;NA;NA;NA;NA;NA;NA;NA;NA;1894;NA;NA;NA;NA
Trollius europaeus;Tro.eur;H;2210;NA;NA;NA;NA;NA;NA;NA;NA;NA;NA;NA;NA;NA;NA;NA;NA;NA;NA;NA;NA;NA;NA;NA;2122;2122;NA;NA;NA;NA;NA;NA;NA;NA;NA;NA;NA;NA;NA;NA;NA;NA;2096;NA;NA;NA;NA;NA;NA;NA;NA
Trollius europaeus subsp. transsilvanicus;Tro.alt;H;NA;NA;NA;NA;2135;NA;NA;NA;NA;NA;NA;NA;NA;NA;NA;NA;NA;NA;NA;NA;NA;NA;NA;NA;NA;NA;NA;NA;2116;NA;NA;NA;NA;NA;NA;NA;NA;NA;NA;NA;NA;2096;NA;NA;NA;NA;NA;NA;NA;NA;NA
Tussilago farfara;Tus.far;G;NA;NA;NA;NA;NA;NA;NA;NA;NA;NA;NA;NA;NA;NA;NA;NA;NA;NA;NA;NA;NA;NA;NA;NA;NA;NA;NA;NA;NA;NA;NA;NA;NA;NA;NA;NA;NA;NA;NA;NA;NA;NA;NA;NA;1823;NA;NA;NA;NA;NA;1825
Urtica dioica;Urt.dio;H;NA;NA;NA;NA;NA;NA;NA;NA;NA;NA;NA;NA;NA;NA;NA;NA;NA;NA;NA;NA;NA;NA;NA;NA;NA;NA;NA;NA;NA;NA;NA;NA;NA;NA;NA;NA;NA;NA;NA;NA;NA;NA;NA;1700;1823;NA;NA;NA;NA;NA;1825
Vaccinium myrtillus;Vac.myr;Ch;NA;2210;NA;NA;NA;NA;NA;1867;NA;NA;2333;NA;NA;1206;NA;NA;NA;NA;2126;NA;1704;NA;NA;1704;NA;2122;NA;2122;2116;NA;NA;NA;2500;NA;NA;NA;2188;NA;NA;NA;NA;2096;2096;1823;1823;NA;NA;NA;NA;NA;1825
Vaccinium uliginosum;Vac.uli;Ch;NA;NA;NA;NA;NA;NA;1867;1867;NA;NA;NA;NA;NA;NA;NA;NA;NA;2126;NA;NA;NA;NA;1704;1704;NA;2122;NA;2122;NA;NA;NA;NA;NA;NA;NA;NA;NA;NA;NA;NA;NA;2096;NA;1823;NA;NA;1894;NA;NA;NA;NA
Vaccinium vitis-idaea;Vac.vit;Ch;NA;NA;NA;NA;NA;2152;NA;1867;NA;NA;2240;NA;NA;1206;NA;NA;2061;NA;2126;NA;1704;NA;NA;1704;NA;2122;NA;2122;2116;NA;NA;NA;2500;NA;NA;NA;2188;NA;NA;NA;NA;2096;2096;1823;1823;NA;NA;NA;NA;NA;1825
Vaccinum uliginosum subsp. microphyllum;Vac.gau;Ch;NA;NA;NA;NA;NA;2152;NA;NA;NA;NA;2223;NA;NA;NA;NA;NA;2061;NA;NA;NA;NA;NA;NA;NA;NA;NA;NA;NA;NA;NA;NA;NA;2053;NA;NA;NA;NA;NA;NA;NA;NA;NA;NA;NA;1823;NA;NA;NA;NA;NA;NA
Valeriana officinalis subsp. sambucifolia;Val.sam;H;NA;NA;NA;NA;NA;NA;NA;NA;NA;NA;NA;NA;NA;NA;NA;NA;NA;NA;NA;NA;NA;NA;NA;NA;NA;NA;NA;NA;NA;NA;NA;NA;NA;NA;NA;NA;NA;NA;NA;NA;NA;NA;NA;NA;NA;NA;1894;NA;NA;NA;NA
Valeriana tripteris;Val.tri;H;NA;NA;NA;NA;NA;NA;1867;NA;NA;NA;NA;NA;NA;1206;NA;1978;NA;NA;NA;NA;NA;NA;NA;NA;NA;NA;NA;NA;NA;NA;2503;NA;1725;NA;NA;NA;NA;NA;NA;NA;NA;NA;NA;1823;NA;1894;NA;NA;NA;NA;NA
Veratrum lobelianum;Ver.alb;H;NA;NA;NA;NA;NA;NA;1867;1867;2452;NA;NA;NA;NA;NA;NA;NA;2061;NA;NA;NA;NA;NA;NA;NA;NA;NA;NA;NA;NA;NA;2503;NA;1840;2410;NA;NA;1920;NA;NA;NA;NA;NA;NA;NA;1823;NA;NA;NA;NA;NA;NA
Veronica alpina;Vrc.alp;G;2210;NA;NA;NA;NA;NA;1867;NA;2452;NA;2366;NA;NA;NA;NA;NA;NA;2126;NA;1704;1704;NA;NA;NA;NA;NA;NA;NA;2122;NA;2345;NA;2190;2410;NA;2410;2410;NA;NA;NA;NA;2096;NA;1823;NA;NA;1894;1894;1894;NA;NA
Veronica aphylla;Vrc.aph;H;NA;NA;NA;NA;NA;2152;NA;NA;NA;NA;NA;NA;NA;NA;2061;NA;2061;NA;NA;NA;1704;NA;NA;1704;2122;2122;NA;2122;2122;NA;NA;NA;NA;NA;NA;NA;NA;NA;NA;NA;NA;2096;2096;1823;1823;1894;1894;1894;NA;NA;1894
Veronica chamaedrys;Vrc.cha;C;NA;NA;NA;NA;NA;NA;NA;1867;NA;NA;NA;NA;NA;NA;NA;NA;NA;NA;NA;NA;NA;NA;NA;NA;NA;NA;NA;NA;NA;NA;NA;NA;NA;NA;NA;NA;NA;NA;NA;NA;NA;NA;NA;NA;NA;NA;NA;NA;NA;NA;NA
Veronica fruticans;Vrc.fru;C;NA;NA;NA;NA;NA;NA;NA;NA;NA;NA;NA;1206;NA;NA;2061;NA;NA;NA;NA;NA;1704;NA;NA;1704;NA;NA;NA;NA;NA;NA;NA;NA;NA;NA;NA;NA;NA;NA;1980;2085;NA;NA;NA;1800;NA;NA;NA;1894;NA;NA;NA
Veronica serpyllifolia;Vrc.ser;H;NA;NA;NA;NA;NA;NA;NA;1867;NA;NA;NA;NA;NA;NA;NA;NA;NA;NA;NA;NA;NA;NA;NA;NA;NA;NA;NA;NA;NA;NA;NA;NA;NA;NA;NA;NA;NA;NA;NA;NA;NA;NA;NA;NA;NA;NA;NA;NA;NA;NA;NA
Viola alpina;Vio.alp;H;NA;NA;NA;NA;NA;NA;NA;NA;NA;NA;NA;NA;NA;NA;NA;NA;NA;NA;NA;NA;NA;NA;NA;NA;2122;2122;2122;2122;2122;NA;NA;NA;NA;NA;NA;NA;NA;2096;NA;NA;NA;2096;2096;NA;1823;NA;1894;NA;1894;NA;NA
Viola biflora;Vio.bif;H;2210;NA;NA;NA;NA;NA;1867;NA;2452;NA;NA;NA;NA;NA;NA;NA;2061;NA;NA;NA;1704;1704;NA;1704;NA;2122;NA;2122;2122;NA;2503;NA;1765;NA;2390;2410;1989;NA;NA;NA;NA;2096;2096;1823;1823;1894;NA;1894;NA;NA;1825
Viola lutea;Vio.lut;H;NA;NA;NA;2152;NA;NA;NA;NA;NA;NA;NA;NA;NA;NA;NA;NA;NA;NA;NA;NA;NA;NA;NA;NA;NA;NA;NA;NA;NA;NA;NA;NA;NA;NA;NA;NA;NA;NA;NA;NA;NA;NA;NA;NA;NA;NA;NA;NA;NA;NA;NA
Viola palustris;Vio.pal;H;NA;NA;NA;NA;NA;NA;1867;NA;NA;NA;NA;NA;NA;NA;NA;NA;NA;NA;NA;NA;NA;NA;NA;NA;NA;NA;NA;NA;NA;NA;NA;NA;NA;NA;NA;NA;NA;NA;NA;NA;NA;NA;NA;NA;NA;NA;NA;NA;NA;NA;NA
Viola tricolor subsp. subalpina;Vio.tri;T;NA;NA;NA;NA;NA;NA;NA;NA;NA;NA;NA;NA;NA;NA;NA;NA;NA;NA;NA;NA;NA;NA;NA;NA;2122;NA;NA;NA;NA;NA;NA;NA;NA;NA;NA;NA;NA;NA;NA;NA;NA;NA;NA;NA;NA;NA;NA;NA;NA;NA;NA
